EM_ID,Exercise_ID,Muscle_ID,Muscle_Role,Intensity_Value,Intensity_Source,Contraction_Type,Notes
1,EX0001,MU0053,Stabilizer,6,Specific,Isometric,Maintains wrist extension during grip. (folds Extensor Digitorum; kept max of extensor-compartment scores)
2,EX0001,MU0024,Stabilizer,9,Specific,Isometric,Prevents spinal rounding; near-maximal.
3,EX0001,MU0014,Primary,9,Group,Isotonic,Hip extension; peaks at lockout.
4,EX0001,MU0015,Primary,9,Group,Isotonic,Hip extension; peaks at lockout.
5,EX0001,MU0016,Primary,9,Group,Isotonic,Hip extension; peaks at lockout.
6,EX0001,MU0020,Stabilizer,8,Specific,Isometric,Assists in anti-rotation and core bracing under load.
7,EX0001,MU0021,Stabilizer,8,Specific,Isometric,Supports anti-rotation and spinal stability.
8,EX0001,MU0018,Stabilizer,8,Specific,Isometric,Braces to resist flexion; high anti-flexion role.
9,EX0001,MU0022,Stabilizer,8,Specific,Isometric,Intra-abdominal pressure for spinal protection.
10,EX0001,MU0011,Primary,8,Group,Isotonic,Hip extension with glutes; high in hinge.
11,EX0001,MU0012,Primary,8,Group,Isotonic,Hip extension with glutes; high in hinge.
12,EX0001,MU0013,Primary,8,Group,Isotonic,Hip extension with glutes; high in hinge.
13,EX0001,MU0052,Stabilizer,7,Specific,Isometric,Primary grip strength under heavy load.
14,EX0001,MU0056,Stabilizer,6,Specific,Isometric,Supports grip and elbow stability.
15,EX0001,MU0025,Stabilizer,6,Specific,Isometric,Stabilizes pelvis against lateral tilt.
16,EX0001,MU0029,Secondary,6,Specific,Isotonic,Assists in shoulder extension and adduction.
17,EX0001,MU0030,Stabilizer,6,Specific,Isometric,Retracts scapulae for posture.
18,EX0001,MU0026,Stabilizer,6,Group,Isometric,Supports upper back and scapular stability.
19,EX0001,MU0027,Stabilizer,6,Group,Isometric,Supports upper back and scapular stability.
20,EX0001,MU0028,Stabilizer,6,Group,Isometric,Supports upper back and scapular stability.
21,EX0001,MU0007,Primary,5,Group,Isotonic,Knee extension early in pull; less above knees.
22,EX0001,MU0008,Primary,5,Group,Isotonic,Knee extension early in pull; less above knees.
23,EX0001,MU0009,Primary,5,Group,Isotonic,Knee extension early in pull; less above knees.
24,EX0001,MU0010,Primary,5,Group,Isotonic,Knee extension early in pull; less above knees.
25,EX0001,MU0048,Stabilizer,4,Specific,Isometric,Supports elbow stability in mixed grip.
26,EX0001,MU0049,Stabilizer,4,Specific,Isometric,Assists grip and elbow flexion.
27,EX0001,MU0050,Stabilizer,4,Specific,Isometric,Supports biceps in elbow stability.
28,EX0001,MU0017,Secondary,4,Specific,Isotonic,Stabilizes hips and assists extension.
29,EX0001,MU0036,Stabilizer,3,Specific,Isometric,Minor shoulder support during grip.
30,EX0001,MU0037,Stabilizer,3,Specific,Isometric,Slight lateral stabilization.
31,EX0001,MU0038,Stabilizer,3,Specific,Isometric,Assists in shoulder retraction.
32,EX0001,MU0005,Secondary,2,Specific,Isometric,Minor ankle stabilization.
33,EX0001,MU0006,Secondary,2,Specific,Isometric,Assists ankle stability.
34,EX0001,MU0002,Stabilizer,2,Specific,Isometric,Slight shin stabilization.
35,EX0001,MU0045,Stabilizer,2,Specific,Isometric,Minimal elbow extension support.
36,EX0001,MU0046,Stabilizer,2,Specific,Isometric,Slight shoulder stabilization.
37,EX0001,MU0047,Stabilizer,2,Specific,Isometric,Minor involvement in grip.
38,EX0001,MU0039,Stabilizer,1,Group,Isometric,Minimal upper body stabilization; not significantly activated.
39,EX0001,MU0040,Stabilizer,1,Group,Isometric,Minimal upper body stabilization; not significantly activated.
40,EX0001,MU0041,Stabilizer,1,Group,Isometric,Minimal upper body stabilization; not significantly activated.
41,EX0001,MU0042,Stabilizer,1,Specific,Isometric,Negligible scapular involvement.
42,EX0001,MU0043,Stabilizer,1,Specific,Isometric,Minimal for scapular protraction.
43,EX0001,MU0044,Stabilizer,1,Specific,Isometric,Irrelevant; no clavicle demand.
44,EX0001,MU0003,Stabilizer,1,Group,Isometric,Minimal lateral ankle support.
45,EX0001,MU0004,Stabilizer,1,Group,Isometric,Minimal lateral ankle support.
46,EX0001,MU0001,Stabilizer,1,Specific,Isometric,Negligible arch support.
47,EX0001,MU0035,Stabilizer,1,Specific,Isometric,Minimal rotator cuff stabilization.
48,EX0001,MU0033,Stabilizer,1,Specific,Isometric,Negligible rotator cuff support.
49,EX0001,MU0032,Stabilizer,1,Specific,Isometric,Minimal shoulder stabilization.
50,EX0001,MU0034,Stabilizer,1,Specific,Isometric,Minimal rotator cuff involvement.
51,EX0002,MU0053,Stabilizer,5,Specific,Isometric,Maintains wrist stability during grip.
52,EX0002,MU0029,Primary,9,Specific,Isotonic,Drives shoulder extension/adduction; maximal for stomach-to-bar.
53,EX0002,MU0018,Stabilizer,8,Specific,Isometric,Braces and pulls torso up for stomach-to-bar; high demand.
54,EX0002,MU0048,Primary,8,Specific,Isotonic,Drives elbow flexion; high for explosive pull.
55,EX0002,MU0020,Stabilizer,7,Specific,Isometric,Braces torso and resists rotation; high due to stomach-to-bar.
56,EX0002,MU0021,Stabilizer,7,Specific,Isometric,Supports anti-rotation and core stability.
57,EX0002,MU0022,Stabilizer,7,Specific,Isometric,Intra-abdominal pressure for torso stability.
58,EX0002,MU0056,Primary,7,Specific,Isotonic,Drives elbow flexion; high in explosive pull.
59,EX0002,MU0049,Primary,7,Specific,Isotonic,Assists elbow flexion; strong in pull.
60,EX0002,MU0050,Primary,7,Specific,Isotonic,Supports biceps in elbow flexion; high demand.
61,EX0002,MU0052,Stabilizer,6,Specific,Isometric,Primary grip for holding bar; high for bodyweight.
62,EX0002,MU0030,Secondary,6,Specific,Isotonic,Retracts scapulae during pull; strong role.
63,EX0002,MU0026,Secondary,6,Group,Isotonic,Supports scapular elevation/retraction; high in explosive pull.
64,EX0002,MU0027,Secondary,6,Group,Isotonic,Supports scapular elevation/retraction; high in explosive pull.
65,EX0002,MU0028,Secondary,6,Group,Isotonic,Supports scapular elevation/retraction; high in explosive pull.
66,EX0002,MU0024,Stabilizer,5,Specific,Isometric,Maintains spinal extension; moderate for posture.
67,EX0002,MU0025,Stabilizer,5,Specific,Isometric,Stabilizes pelvis against swing; moderate demand.
68,EX0002,MU0038,Secondary,5,Specific,Isotonic,Assists shoulder extension; moderate in pull.
69,EX0002,MU0039,Secondary,4,Group,Isotonic,Assists shoulder adduction in pull; moderate due to explosive range.
70,EX0002,MU0040,Secondary,4,Group,Isotonic,Assists shoulder adduction in pull; moderate due to explosive range.
71,EX0002,MU0041,Secondary,4,Group,Isotonic,Assists shoulder adduction in pull; moderate due to explosive range.
72,EX0002,MU0043,Secondary,4,Specific,Isotonic,Supports scapular protraction during pull.
73,EX0002,MU0042,Stabilizer,2,Specific,Isometric,Minor scapular stabilization.
74,EX0002,MU0035,Stabilizer,2,Specific,Isometric,Minor rotator cuff stabilization.
75,EX0002,MU0033,Stabilizer,2,Specific,Isometric,Minimal rotator cuff support.
76,EX0002,MU0032,Stabilizer,2,Specific,Isometric,Minor shoulder stabilization.
77,EX0002,MU0034,Stabilizer,2,Specific,Isometric,Minimal rotator cuff involvement.
78,EX0002,MU0036,Stabilizer,2,Specific,Isometric,Minor shoulder support during pull.
79,EX0002,MU0037,Stabilizer,2,Specific,Isometric,Minimal abduction stabilization.
80,EX0002,MU0044,Stabilizer,1,Specific,Isometric,Negligible clavicle stabilization.
81,EX0002,MU0005,Stabilizer,1,Specific,Isometric,Minimal ankle stabilization in hang.
82,EX0002,MU0006,Stabilizer,1,Specific,Isometric,Negligible ankle support.
83,EX0002,MU0003,Stabilizer,1,Group,Isometric,Minimal lateral ankle stabilization.
84,EX0002,MU0004,Stabilizer,1,Group,Isometric,Minimal lateral ankle stabilization.
85,EX0002,MU0002,Stabilizer,1,Specific,Isometric,Negligible shin stabilization.
86,EX0002,MU0001,Stabilizer,1,Specific,Isometric,Negligible arch support.
87,EX0002,MU0045,Stabilizer,1,Specific,Isometric,Minimal elbow stabilization.
88,EX0002,MU0046,Stabilizer,1,Specific,Isometric,Negligible shoulder support.
89,EX0002,MU0047,Stabilizer,1,Specific,Isometric,Minimal involvement.
90,EX0002,MU0017,Stabilizer,1,Specific,Isometric,Negligible hip stabilization in hang.
91,EX0002,MU0014,Stabilizer,1,Group,Isometric,Minimal hip support in hanging position.
92,EX0002,MU0015,Stabilizer,1,Group,Isometric,Minimal hip support in hanging position.
93,EX0002,MU0016,Stabilizer,1,Group,Isometric,Minimal hip support in hanging position.
94,EX0002,MU0011,Stabilizer,1,Group,Isometric,Negligible leg involvement.
95,EX0002,MU0012,Stabilizer,1,Group,Isometric,Negligible leg involvement.
96,EX0002,MU0013,Stabilizer,1,Group,Isometric,Negligible leg involvement.
97,EX0002,MU0007,Stabilizer,1,Group,Isometric,Minimal knee stabilization in hang.
98,EX0002,MU0008,Stabilizer,1,Group,Isometric,Minimal knee stabilization in hang.
99,EX0002,MU0009,Stabilizer,1,Group,Isometric,Minimal knee stabilization in hang.
100,EX0002,MU0010,Stabilizer,1,Group,Isometric,Minimal knee stabilization in hang.
101,EX0003,MU0053,Secondary,3,Specific,Isotonic,Assists toe extension; minor role. (folds Extensor Digitorum; kept max of extensor-compartment scores)
102,EX0003,MU0002,Primary,9,Specific,Isotonic,Drives dorsiflexion; primary focus of exercise.
103,EX0003,MU0020,Stabilizer,3,Specific,Isometric,Minor bracing for standing balance.
104,EX0003,MU0021,Stabilizer,3,Specific,Isometric,Minimal anti-rotation support due to balance.
105,EX0003,MU0018,Stabilizer,3,Specific,Isometric,Low demand for torso stability in standing.
106,EX0003,MU0022,Stabilizer,3,Specific,Isometric,Minor intra-abdominal pressure for posture.
107,EX0003,MU0024,Stabilizer,3,Specific,Isometric,Minor spinal support in standing position.
108,EX0003,MU0025,Stabilizer,3,Specific,Isometric,Minor pelvic stabilization for standing balance.
109,EX0003,MU0052,Stabilizer,2,Specific,Isometric,Low grip demand for band or light weight.
110,EX0003,MU0005,Stabilizer,2,Specific,Isometric,Slight antagonistic stabilization for ankle.
111,EX0003,MU0006,Stabilizer,2,Specific,Isometric,Minor ankle support against dorsiflexion.
112,EX0003,MU0003,Secondary,2,Group,Isometric,Prevents ankle rolling; minimal effort.
113,EX0003,MU0004,Secondary,2,Group,Isometric,Prevents ankle rolling; minimal effort.
114,EX0003,MU0001,Secondary,2,Specific,Isotonic,Assists ankle stability; slight inversion role.
115,EX0003,MU0017,Stabilizer,2,Specific,Isometric,Minor hip stabilization for standing posture.
116,EX0003,MU0014,Stabilizer,2,Group,Isometric,Minimal hip support in standing position.
117,EX0003,MU0015,Stabilizer,2,Group,Isometric,Minimal hip support in standing position.
118,EX0003,MU0016,Stabilizer,2,Group,Isometric,Minimal hip support in standing position.
119,EX0003,MU0011,Stabilizer,2,Group,Isometric,Negligible leg involvement.
120,EX0003,MU0012,Stabilizer,2,Group,Isometric,Negligible leg involvement.
121,EX0003,MU0013,Stabilizer,2,Group,Isometric,Negligible leg involvement.
122,EX0003,MU0007,Stabilizer,2,Group,Isometric,Stabilizes knees in standing position; minimal.
123,EX0003,MU0008,Stabilizer,2,Group,Isometric,Stabilizes knees in standing position; minimal.
124,EX0003,MU0009,Stabilizer,2,Group,Isometric,Stabilizes knees in standing position; minimal.
125,EX0003,MU0010,Stabilizer,2,Group,Isometric,Stabilizes knees in standing position; minimal.
126,EX0003,MU0039,Stabilizer,1,Group,Isometric,Negligible upper body involvement.
127,EX0003,MU0040,Stabilizer,1,Group,Isometric,Negligible upper body involvement.
128,EX0003,MU0041,Stabilizer,1,Group,Isometric,Negligible upper body involvement.
129,EX0003,MU0042,Stabilizer,1,Specific,Isometric,Negligible scapular support.
130,EX0003,MU0043,Stabilizer,1,Specific,Isometric,Minimal scapular stabilization.
131,EX0003,MU0044,Stabilizer,1,Specific,Isometric,Irrelevant; no clavicle demand.
132,EX0003,MU0056,Stabilizer,1,Specific,Isometric,Negligible arm stabilization.
133,EX0003,MU0035,Stabilizer,1,Specific,Isometric,Negligible rotator cuff involvement.
134,EX0003,MU0033,Stabilizer,1,Specific,Isometric,Minimal shoulder support.
135,EX0003,MU0032,Stabilizer,1,Specific,Isometric,Negligible shoulder stabilization.
136,EX0003,MU0034,Stabilizer,1,Specific,Isometric,Minimal rotator cuff role.
137,EX0003,MU0036,Stabilizer,1,Specific,Isometric,Negligible shoulder support.
138,EX0003,MU0037,Stabilizer,1,Specific,Isometric,Minimal abduction stabilization.
139,EX0003,MU0038,Stabilizer,1,Specific,Isometric,Negligible shoulder involvement.
140,EX0003,MU0048,Stabilizer,1,Specific,Isometric,Minimal arm stabilization.
141,EX0003,MU0049,Stabilizer,1,Specific,Isometric,Negligible arm support.
142,EX0003,MU0050,Stabilizer,1,Specific,Isometric,Minimal elbow stabilization.
143,EX0003,MU0045,Stabilizer,1,Specific,Isometric,Negligible elbow support.
144,EX0003,MU0046,Stabilizer,1,Specific,Isometric,Minimal shoulder stabilization.
145,EX0003,MU0047,Stabilizer,1,Specific,Isometric,Negligible involvement.
146,EX0003,MU0029,Stabilizer,1,Specific,Isometric,Minimal upper back stabilization.
147,EX0003,MU0030,Stabilizer,1,Specific,Isometric,Negligible scapular support.
148,EX0003,MU0026,Stabilizer,1,Group,Isometric,Minimal upper back involvement.
149,EX0003,MU0027,Stabilizer,1,Group,Isometric,Minimal upper back involvement.
150,EX0003,MU0028,Stabilizer,1,Group,Isometric,Minimal upper back involvement.
151,EX0004,MU0053,Stabilizer,5,Specific,Isometric,Maintains wrist stability during grip.
152,EX0004,MU0029,Primary,9,Specific,Isotonic,Drives shoulder extension/adduction; primary pull.
153,EX0004,MU0022,Stabilizer,8,Specific,Isometric,Intra-abdominal pressure for spinal stability.
154,EX0004,MU0024,Stabilizer,8,Specific,Isometric,Prevents spinal rounding in hinge; high demand.
155,EX0004,MU0030,Primary,8,Specific,Isotonic,Retracts scapulae; nearly co-primary with lats.
156,EX0004,MU0026,Primary,8,Group,Isotonic,Supports scapular retraction/elevation; high demand.
157,EX0004,MU0027,Primary,8,Group,Isotonic,Supports scapular retraction/elevation; high demand.
158,EX0004,MU0028,Primary,8,Group,Isotonic,Supports scapular retraction/elevation; high demand.
159,EX0004,MU0020,Stabilizer,7,Specific,Isometric,Braces against rotation/extension in hinge.
160,EX0004,MU0021,Stabilizer,7,Specific,Isometric,Supports anti-rotation in bent-over posture.
161,EX0004,MU0018,Stabilizer,7,Specific,Isometric,Resists spinal flexion; high bracing demand.
162,EX0004,MU0048,Secondary,7,Specific,Isotonic,Drives elbow flexion during row.
163,EX0004,MU0056,Secondary,6,Specific,Isotonic,Assists elbow flexion during pull.
164,EX0004,MU0052,Stabilizer,6,Specific,Isometric,Primary grip strength for bar.
165,EX0004,MU0025,Stabilizer,6,Specific,Isometric,Stabilizes pelvis against lateral tilt.
166,EX0004,MU0049,Secondary,6,Specific,Isotonic,Assists elbow flexion; strong role.
167,EX0004,MU0050,Secondary,6,Specific,Isotonic,Supports biceps in elbow flexion.
168,EX0004,MU0014,Stabilizer,6,Group,Isometric,Maintains hip extension in hinge.
169,EX0004,MU0015,Stabilizer,6,Group,Isometric,Maintains hip extension in hinge.
170,EX0004,MU0016,Stabilizer,6,Group,Isometric,Maintains hip extension in hinge.
171,EX0004,MU0011,Stabilizer,6,Group,Isometric,Supports hip hinge stability.
172,EX0004,MU0012,Stabilizer,6,Group,Isometric,Supports hip hinge stability.
173,EX0004,MU0013,Stabilizer,6,Group,Isometric,Supports hip hinge stability.
174,EX0004,MU0038,Secondary,5,Specific,Isotonic,Assists shoulder extension in pull.
175,EX0004,MU0017,Stabilizer,5,Specific,Isometric,Stabilizes hips in hinge position.
176,EX0004,MU0043,Stabilizer,2,Specific,Isometric,Minor scapular protraction support.
177,EX0004,MU0005,Stabilizer,2,Specific,Isometric,Minor ankle stabilization in hinge.
178,EX0004,MU0006,Stabilizer,2,Specific,Isometric,Assists ankle stability.
179,EX0004,MU0035,Stabilizer,2,Specific,Isometric,Minor rotator cuff stabilization.
180,EX0004,MU0033,Stabilizer,2,Specific,Isometric,Minimal rotator cuff support.
181,EX0004,MU0032,Stabilizer,2,Specific,Isometric,Minor shoulder stabilization.
182,EX0004,MU0034,Stabilizer,2,Specific,Isometric,Minimal rotator cuff involvement.
183,EX0004,MU0036,Stabilizer,2,Specific,Isometric,Minor shoulder support during pull.
184,EX0004,MU0037,Stabilizer,2,Specific,Isometric,Minimal abduction stabilization.
185,EX0004,MU0007,Stabilizer,2,Group,Isometric,Stabilizes knees in bent-over posture.
186,EX0004,MU0008,Stabilizer,2,Group,Isometric,Stabilizes knees in bent-over posture.
187,EX0004,MU0009,Stabilizer,2,Group,Isometric,Stabilizes knees in bent-over posture.
188,EX0004,MU0010,Stabilizer,2,Group,Isometric,Stabilizes knees in bent-over posture.
189,EX0004,MU0039,Stabilizer,1,Group,Isometric,Minimal upper body stabilization.
190,EX0004,MU0040,Stabilizer,1,Group,Isometric,Minimal upper body stabilization.
191,EX0004,MU0041,Stabilizer,1,Group,Isometric,Minimal upper body stabilization.
192,EX0004,MU0042,Stabilizer,1,Specific,Isometric,Negligible scapular involvement.
193,EX0004,MU0044,Stabilizer,1,Specific,Isometric,Irrelevant; no clavicle demand.
194,EX0004,MU0003,Stabilizer,1,Group,Isometric,Minimal lateral ankle support.
195,EX0004,MU0004,Stabilizer,1,Group,Isometric,Minimal lateral ankle support.
196,EX0004,MU0002,Stabilizer,1,Specific,Isometric,Negligible shin stabilization.
197,EX0004,MU0001,Stabilizer,1,Specific,Isometric,Negligible arch support.
198,EX0004,MU0045,Stabilizer,1,Specific,Isometric,Negligible elbow stabilization.
199,EX0004,MU0046,Stabilizer,1,Specific,Isometric,Minimal shoulder support.
200,EX0004,MU0047,Stabilizer,1,Specific,Isometric,Negligible involvement.
201,EX0005,MU0053,Stabilizer,4,Specific,Isometric,Maintains wrist stability during curl.
202,EX0005,MU0048,Primary,9,Specific,Isotonic,Primary driver of elbow flexion; maximal activation.
203,EX0005,MU0049,Primary,8,Specific,Isotonic,Strong elbow flexion support.
204,EX0005,MU0050,Primary,8,Specific,Isotonic,Drives elbow flexion; high due to isolation.
205,EX0005,MU0056,Primary,6,Specific,Isotonic,Assists elbow flexion; strong in curl.
206,EX0005,MU0052,Stabilizer,5,Specific,Isometric,Primary grip strength for dumbbell.
207,EX0005,MU0020,Stabilizer,2,Specific,Isometric,Minor bracing for seated posture.
208,EX0005,MU0021,Stabilizer,2,Specific,Isometric,Minimal anti-rotation support.
209,EX0005,MU0018,Stabilizer,2,Specific,Isometric,Low demand for seated stability.
210,EX0005,MU0022,Stabilizer,2,Specific,Isometric,Minimal intra-abdominal pressure.
211,EX0005,MU0024,Stabilizer,2,Specific,Isometric,Minor spinal support in seated position.
212,EX0005,MU0025,Stabilizer,2,Specific,Isometric,Minimal pelvic stabilization in seated posture.
213,EX0005,MU0029,Stabilizer,2,Specific,Isometric,Minor upper back stabilization; preacher bench minimizes.
214,EX0005,MU0030,Stabilizer,2,Specific,Isometric,Negligible scapular support in seated position.
215,EX0005,MU0026,Stabilizer,2,Group,Isometric,Minimal upper back involvement.
216,EX0005,MU0027,Stabilizer,2,Group,Isometric,Minimal upper back involvement.
217,EX0005,MU0028,Stabilizer,2,Group,Isometric,Minimal upper back involvement.
218,EX0005,MU0039,Stabilizer,1,Group,Isometric,Negligible upper body involvement.
219,EX0005,MU0040,Stabilizer,1,Group,Isometric,Negligible upper body involvement.
220,EX0005,MU0041,Stabilizer,1,Group,Isometric,Negligible upper body involvement.
221,EX0005,MU0042,Stabilizer,1,Specific,Isometric,Negligible scapular support.
222,EX0005,MU0043,Stabilizer,1,Specific,Isometric,Minimal scapular stabilization.
223,EX0005,MU0044,Stabilizer,1,Specific,Isometric,Irrelevant; no clavicle demand.
224,EX0005,MU0005,Stabilizer,1,Specific,Isometric,Negligible ankle stabilization.
225,EX0005,MU0006,Stabilizer,1,Specific,Isometric,Minimal ankle support.
226,EX0005,MU0003,Stabilizer,1,Group,Isometric,Negligible lateral ankle support.
227,EX0005,MU0004,Stabilizer,1,Group,Isometric,Negligible lateral ankle support.
228,EX0005,MU0002,Stabilizer,1,Specific,Isometric,Negligible shin stabilization.
229,EX0005,MU0001,Stabilizer,1,Specific,Isometric,Negligible arch support.
230,EX0005,MU0035,Stabilizer,1,Specific,Isometric,Negligible rotator cuff involvement.
231,EX0005,MU0033,Stabilizer,1,Specific,Isometric,Minimal rotator cuff support.
232,EX0005,MU0032,Stabilizer,1,Specific,Isometric,Negligible shoulder stabilization.
233,EX0005,MU0034,Stabilizer,1,Specific,Isometric,Minimal rotator cuff role.
234,EX0005,MU0036,Stabilizer,1,Specific,Isometric,Negligible shoulder support; preacher bench isolates.
235,EX0005,MU0037,Stabilizer,1,Specific,Isometric,Minimal abduction stabilization.
236,EX0005,MU0038,Stabilizer,1,Specific,Isometric,Negligible shoulder involvement.
237,EX0005,MU0045,Stabilizer,1,Specific,Isometric,Negligible elbow stabilization.
238,EX0005,MU0046,Stabilizer,1,Specific,Isometric,Minimal shoulder support.
239,EX0005,MU0047,Stabilizer,1,Specific,Isometric,Negligible involvement.
240,EX0005,MU0017,Stabilizer,1,Specific,Isometric,Negligible hip stabilization in seated posture.
241,EX0005,MU0014,Stabilizer,1,Group,Isometric,Minimal hip support in seated position.
242,EX0005,MU0015,Stabilizer,1,Group,Isometric,Minimal hip support in seated position.
243,EX0005,MU0016,Stabilizer,1,Group,Isometric,Minimal hip support in seated position.
244,EX0005,MU0011,Stabilizer,1,Group,Isometric,Negligible leg involvement.
245,EX0005,MU0012,Stabilizer,1,Group,Isometric,Negligible leg involvement.
246,EX0005,MU0013,Stabilizer,1,Group,Isometric,Negligible leg involvement.
247,EX0005,MU0007,Stabilizer,1,Group,Isometric,Minimal knee stabilization in seated posture.
248,EX0005,MU0008,Stabilizer,1,Group,Isometric,Minimal knee stabilization in seated posture.
249,EX0005,MU0009,Stabilizer,1,Group,Isometric,Minimal knee stabilization in seated posture.
250,EX0005,MU0010,Stabilizer,1,Group,Isometric,Minimal knee stabilization in seated posture.
251,EX0006,MU0053,Stabilizer,2,Specific,Isometric,Minor wrist stability during grip.
252,EX0006,MU0018,Primary,9,Specific,Isotonic,Drives spinal flexion; primary crunch mover.
253,EX0006,MU0020,Primary,8,Specific,Isotonic,Assists spinal flexion; high role in crunch.
254,EX0006,MU0021,Primary,8,Specific,Isotonic,Supports spinal flexion and slight rotation.
255,EX0006,MU0022,Primary,7,Specific,Isometric,Intra-abdominal pressure during crunch.
256,EX0006,MU0025,Stabilizer,4,Specific,Isometric,Stabilizes pelvis during crunch.
257,EX0006,MU0052,Stabilizer,3,Specific,Isometric,Grips rope; moderate due to cable tension.
258,EX0006,MU0024,Stabilizer,3,Specific,Isometric,Supports spinal stability; low demand.
259,EX0006,MU0056,Stabilizer,2,Specific,Isometric,Minor grip support for rope.
260,EX0006,MU0048,Stabilizer,2,Specific,Isometric,Minor elbow stabilization during grip.
261,EX0006,MU0049,Stabilizer,2,Specific,Isometric,Minimal elbow support.
262,EX0006,MU0050,Stabilizer,2,Specific,Isometric,Minimal elbow stabilization.
263,EX0006,MU0029,Stabilizer,2,Specific,Isometric,Minor upper back stabilization.
264,EX0006,MU0030,Stabilizer,2,Specific,Isometric,Negligible scapular support.
265,EX0006,MU0026,Stabilizer,2,Group,Isometric,Minimal upper back involvement.
266,EX0006,MU0027,Stabilizer,2,Group,Isometric,Minimal upper back involvement.
267,EX0006,MU0028,Stabilizer,2,Group,Isometric,Minimal upper back involvement.
268,EX0006,MU0039,Stabilizer,1,Group,Isometric,Negligible upper body involvement.
269,EX0006,MU0040,Stabilizer,1,Group,Isometric,Negligible upper body involvement.
270,EX0006,MU0041,Stabilizer,1,Group,Isometric,Negligible upper body involvement.
271,EX0006,MU0042,Stabilizer,1,Specific,Isometric,Negligible scapular support.
272,EX0006,MU0043,Stabilizer,1,Specific,Isometric,Minimal scapular stabilization.
273,EX0006,MU0044,Stabilizer,1,Specific,Isometric,Irrelevant; no clavicle demand.
274,EX0006,MU0005,Stabilizer,1,Specific,Isometric,Negligible ankle stabilization in kneeling.
275,EX0006,MU0006,Stabilizer,1,Specific,Isometric,Minimal ankle support.
276,EX0006,MU0003,Stabilizer,1,Group,Isometric,Negligible lateral ankle support.
277,EX0006,MU0004,Stabilizer,1,Group,Isometric,Negligible lateral ankle support.
278,EX0006,MU0002,Stabilizer,1,Specific,Isometric,Negligible shin stabilization.
279,EX0006,MU0001,Stabilizer,1,Specific,Isometric,Negligible arch support.
280,EX0006,MU0035,Stabilizer,1,Specific,Isometric,Negligible rotator cuff involvement.
281,EX0006,MU0033,Stabilizer,1,Specific,Isometric,Minimal rotator cuff support.
282,EX0006,MU0032,Stabilizer,1,Specific,Isometric,Negligible shoulder stabilization.
283,EX0006,MU0034,Stabilizer,1,Specific,Isometric,Minimal rotator cuff role.
284,EX0006,MU0036,Stabilizer,1,Specific,Isometric,Negligible shoulder support.
285,EX0006,MU0037,Stabilizer,1,Specific,Isometric,Minimal abduction stabilization.
286,EX0006,MU0038,Stabilizer,1,Specific,Isometric,Negligible shoulder involvement.
287,EX0006,MU0045,Stabilizer,1,Specific,Isometric,Negligible elbow support.
288,EX0006,MU0046,Stabilizer,1,Specific,Isometric,Minimal shoulder stabilization.
289,EX0006,MU0047,Stabilizer,1,Specific,Isometric,Negligible involvement.
290,EX0006,MU0017,Stabilizer,1,Specific,Isometric,Negligible hip stabilization in kneeling.
291,EX0006,MU0014,Stabilizer,1,Group,Isometric,Minimal hip support in kneeling position.
292,EX0006,MU0015,Stabilizer,1,Group,Isometric,Minimal hip support in kneeling position.
293,EX0006,MU0016,Stabilizer,1,Group,Isometric,Minimal hip support in kneeling position.
294,EX0006,MU0011,Stabilizer,1,Group,Isometric,Negligible leg involvement.
295,EX0006,MU0012,Stabilizer,1,Group,Isometric,Negligible leg involvement.
296,EX0006,MU0013,Stabilizer,1,Group,Isometric,Negligible leg involvement.
297,EX0006,MU0007,Stabilizer,1,Group,Isometric,Minimal knee stabilization in kneeling.
298,EX0006,MU0008,Stabilizer,1,Group,Isometric,Minimal knee stabilization in kneeling.
299,EX0006,MU0009,Stabilizer,1,Group,Isometric,Minimal knee stabilization in kneeling.
300,EX0006,MU0010,Stabilizer,1,Group,Isometric,Minimal knee stabilization in kneeling.
301,EX0007,MU0053,Stabilizer,3,Specific,Isometric,Maintains wrist extension during push.
302,EX0007,MU0039,Primary,9,Group,Isotonic,Drives shoulder flexion/adduction; high upper chest focus in decline.
303,EX0007,MU0040,Primary,9,Group,Isotonic,Drives shoulder flexion/adduction; high upper chest focus in decline.
304,EX0007,MU0041,Primary,9,Group,Isotonic,Drives shoulder flexion/adduction; high upper chest focus in decline.
305,EX0007,MU0042,Secondary,4,Specific,Isotonic,Assists scapular depression; moderate role.
306,EX0007,MU0043,Secondary,5,Specific,Isotonic,Supports scapular protraction during push.
307,EX0007,MU0044,Stabilizer,1,Specific,Isometric,Negligible clavicle stabilization.
308,EX0007,MU0020,Stabilizer,6,Specific,Isometric,Resists rotation/sagging in plank; moderate due to decline.
309,EX0007,MU0021,Stabilizer,6,Specific,Isometric,Supports anti-rotation and stability in decline plank.
310,EX0007,MU0018,Stabilizer,7,Specific,Isometric,Braces to maintain plank; high anti-flexion in decline.
311,EX0007,MU0022,Stabilizer,7,Specific,Isometric,Intra-abdominal pressure for core stability.
312,EX0007,MU0056,Stabilizer,3,Specific,Isometric,Minor wrist/elbow stabilization on raised hands.
313,EX0007,MU0052,Stabilizer,3,Specific,Isometric,Grips platforms; moderate for stability.
314,EX0007,MU0024,Stabilizer,5,Specific,Isometric,Maintains spinal extension in plank; moderate in decline.
315,EX0007,MU0025,Stabilizer,5,Specific,Isometric,Stabilizes pelvis against lateral tilt in plank.
316,EX0007,MU0005,Stabilizer,2,Specific,Isometric,Minor ankle stabilization in plank.
317,EX0007,MU0006,Stabilizer,2,Specific,Isometric,Assists ankle stability in plank position.
318,EX0007,MU0003,Stabilizer,1,Group,Isometric,Minimal lateral ankle support.
319,EX0007,MU0004,Stabilizer,1,Group,Isometric,Minimal lateral ankle support.
320,EX0007,MU0002,Stabilizer,1,Specific,Isometric,Negligible shin stabilization.
321,EX0007,MU0001,Stabilizer,1,Specific,Isometric,Negligible arch support.
322,EX0007,MU0035,Stabilizer,2,Specific,Isometric,Minor rotator cuff stabilization.
323,EX0007,MU0033,Stabilizer,2,Specific,Isometric,Minimal rotator cuff support.
324,EX0007,MU0032,Stabilizer,2,Specific,Isometric,Minor shoulder stabilization during push.
325,EX0007,MU0034,Stabilizer,2,Specific,Isometric,Minimal rotator cuff involvement.
326,EX0007,MU0036,Primary,7,Specific,Isotonic,Assists shoulder flexion; high in decline push.
327,EX0007,MU0037,Secondary,4,Specific,Isotonic,Supports shoulder abduction/stability.
328,EX0007,MU0038,Stabilizer,2,Specific,Isometric,Minimal shoulder support.
329,EX0007,MU0048,Stabilizer,1,Specific,Isometric,Negligible elbow stabilization.
330,EX0007,MU0049,Stabilizer,1,Specific,Isometric,Minimal involvement.
331,EX0007,MU0050,Stabilizer,1,Specific,Isometric,Negligible elbow support.
332,EX0007,MU0045,Primary,7,Specific,Isotonic,Elbow extension during push; strong role.
333,EX0007,MU0046,Primary,7,Specific,Isotonic,Assists elbow extension and shoulder stability.
334,EX0007,MU0047,Primary,6,Specific,Isotonic,Supports triceps in elbow extension.
335,EX0007,MU0029,Stabilizer,2,Specific,Isometric,Minor upper back stabilization.
336,EX0007,MU0030,Stabilizer,2,Specific,Isometric,Negligible scapular retraction.
337,EX0007,MU0026,Stabilizer,2,Group,Isometric,Minor upper back support for posture.
338,EX0007,MU0027,Stabilizer,2,Group,Isometric,Minor upper back support for posture.
339,EX0007,MU0028,Stabilizer,2,Group,Isometric,Minor upper back support for posture.
340,EX0007,MU0017,Stabilizer,1,Specific,Isometric,Negligible hip stabilization in plank.
341,EX0007,MU0014,Stabilizer,2,Group,Isometric,Minor hip support in plank position.
342,EX0007,MU0015,Stabilizer,2,Group,Isometric,Minor hip support in plank position.
343,EX0007,MU0016,Stabilizer,2,Group,Isometric,Minor hip support in plank position.
344,EX0007,MU0011,Stabilizer,1,Group,Isometric,Negligible leg involvement.
345,EX0007,MU0012,Stabilizer,1,Group,Isometric,Negligible leg involvement.
346,EX0007,MU0013,Stabilizer,1,Group,Isometric,Negligible leg involvement.
347,EX0007,MU0007,Stabilizer,2,Group,Isometric,Stabilizes knees in plank; minimal.
348,EX0007,MU0008,Stabilizer,2,Group,Isometric,Stabilizes knees in plank; minimal.
349,EX0007,MU0009,Stabilizer,2,Group,Isometric,Stabilizes knees in plank; minimal.
350,EX0007,MU0010,Stabilizer,2,Group,Isometric,Stabilizes knees in plank; minimal.
351,EX0008,MU0053,Stabilizer,1,Specific,Isometric,Minimal wrist stability.
352,EX0008,MU0039,Stabilizer,1,Group,Isometric,Negligible upper body involvement.
353,EX0008,MU0040,Stabilizer,1,Group,Isometric,Negligible upper body involvement.
354,EX0008,MU0041,Stabilizer,1,Group,Isometric,Negligible upper body involvement.
355,EX0008,MU0042,Stabilizer,1,Specific,Isometric,Negligible scapular support.
356,EX0008,MU0043,Stabilizer,1,Specific,Isometric,Minimal scapular stabilization.
357,EX0008,MU0044,Stabilizer,1,Specific,Isometric,Irrelevant; no clavicle demand.
358,EX0008,MU0020,Stabilizer,3,Specific,Isometric,Minor bracing for standing balance; ledge adds slight demand.
359,EX0008,MU0021,Stabilizer,3,Specific,Isometric,Minimal anti-rotation support.
360,EX0008,MU0018,Stabilizer,3,Specific,Isometric,Low demand for torso stability.
361,EX0008,MU0022,Stabilizer,3,Specific,Isometric,Minor intra-abdominal pressure for posture.
362,EX0008,MU0056,Stabilizer,1,Specific,Isometric,Negligible arm stabilization.
363,EX0008,MU0052,Stabilizer,1,Specific,Isometric,Negligible grip demand.
364,EX0008,MU0024,Stabilizer,3,Specific,Isometric,Supports spine in standing position; more than seated.
365,EX0008,MU0025,Stabilizer,3,Specific,Isometric,Minor pelvic stabilization for balance.
366,EX0008,MU0005,Primary,9,Specific,Isotonic,Main driver of plantarflexion; straight legs maximize activation.
367,EX0008,MU0006,Primary,7,Specific,Isotonic,Assists plantarflexion; high but less than gastrocnemius.
368,EX0008,MU0003,Secondary,3,Group,Isometric,Prevents ankle rolling; moderate due to ledge.
369,EX0008,MU0004,Secondary,3,Group,Isometric,Prevents ankle rolling; moderate due to ledge.
370,EX0008,MU0002,Stabilizer,2,Specific,Isometric,Slight shin stabilization against ledge.
371,EX0008,MU0001,Secondary,3,Specific,Isotonic,Assists ankle stability; slight inversion role.
372,EX0008,MU0035,Stabilizer,1,Specific,Isometric,Negligible rotator cuff involvement.
373,EX0008,MU0033,Stabilizer,1,Specific,Isometric,Minimal rotator cuff support.
374,EX0008,MU0032,Stabilizer,1,Specific,Isometric,Negligible shoulder stabilization.
375,EX0008,MU0034,Stabilizer,1,Specific,Isometric,Minimal rotator cuff role.
376,EX0008,MU0036,Stabilizer,1,Specific,Isometric,Negligible shoulder support.
377,EX0008,MU0037,Stabilizer,1,Specific,Isometric,Minimal abduction stabilization.
378,EX0008,MU0038,Stabilizer,1,Specific,Isometric,Negligible shoulder involvement.
379,EX0008,MU0048,Stabilizer,1,Specific,Isometric,Minimal arm stabilization.
380,EX0008,MU0049,Stabilizer,1,Specific,Isometric,Negligible arm support.
381,EX0008,MU0050,Stabilizer,1,Specific,Isometric,Minimal elbow stabilization.
382,EX0008,MU0045,Stabilizer,1,Specific,Isometric,Negligible elbow support.
383,EX0008,MU0046,Stabilizer,1,Specific,Isometric,Minimal shoulder stabilization.
384,EX0008,MU0047,Stabilizer,1,Specific,Isometric,Negligible involvement.
385,EX0008,MU0029,Stabilizer,1,Specific,Isometric,Minimal upper back stabilization.
386,EX0008,MU0030,Stabilizer,1,Specific,Isometric,Negligible scapular support.
387,EX0008,MU0026,Stabilizer,1,Group,Isometric,Minimal upper back involvement.
388,EX0008,MU0027,Stabilizer,1,Group,Isometric,Minimal upper back involvement.
389,EX0008,MU0028,Stabilizer,1,Group,Isometric,Minimal upper back involvement.
390,EX0008,MU0017,Stabilizer,2,Specific,Isometric,Minor hip stabilization for standing posture.
391,EX0008,MU0014,Stabilizer,2,Group,Isometric,Minimal hip support in standing position.
392,EX0008,MU0015,Stabilizer,2,Group,Isometric,Minimal hip support in standing position.
393,EX0008,MU0016,Stabilizer,2,Group,Isometric,Minimal hip support in standing position.
394,EX0008,MU0011,Stabilizer,2,Group,Isometric,Negligible leg involvement.
395,EX0008,MU0012,Stabilizer,2,Group,Isometric,Negligible leg involvement.
396,EX0008,MU0013,Stabilizer,2,Group,Isometric,Negligible leg involvement.
397,EX0008,MU0007,Stabilizer,2,Group,Isometric,Stabilizes knees in standing position; minimal.
398,EX0008,MU0008,Stabilizer,2,Group,Isometric,Stabilizes knees in standing position; minimal.
399,EX0008,MU0009,Stabilizer,2,Group,Isometric,Stabilizes knees in standing position; minimal.
400,EX0008,MU0010,Stabilizer,2,Group,Isometric,Stabilizes knees in standing position; minimal.
401,EX0009,MU0053,Stabilizer,3,Specific,Isometric,Maintains wrist stability during crossover.
402,EX0009,MU0039,Primary,9,Group,Isotonic,Drives shoulder adduction/flexion; high inner chest focus.
403,EX0009,MU0040,Primary,9,Group,Isotonic,Drives shoulder adduction/flexion; high inner chest focus.
404,EX0009,MU0041,Primary,9,Group,Isotonic,Drives shoulder adduction/flexion; high inner chest focus.
405,EX0009,MU0042,Secondary,4,Specific,Isotonic,Assists scapular depression; moderate role.
406,EX0009,MU0043,Secondary,5,Specific,Isotonic,Supports scapular protraction in crossover.
407,EX0009,MU0044,Stabilizer,1,Specific,Isometric,Negligible clavicle stabilization.
408,EX0009,MU0020,Stabilizer,4,Specific,Isometric,Minor bracing for standing posture.
409,EX0009,MU0021,Stabilizer,4,Specific,Isometric,Minimal anti-rotation support.
410,EX0009,MU0018,Stabilizer,3,Specific,Isometric,Low demand for torso stability.
411,EX0009,MU0022,Stabilizer,4,Specific,Isometric,Minor intra-abdominal pressure.
412,EX0009,MU0056,Stabilizer,3,Specific,Isometric,Minor elbow stabilization for grip.
413,EX0009,MU0052,Stabilizer,3,Specific,Isometric,Grips handles; moderate for tension.
414,EX0009,MU0024,Stabilizer,3,Specific,Isometric,Supports spine in standing position.
415,EX0009,MU0025,Stabilizer,3,Specific,Isometric,Minor pelvic stabilization for posture.
416,EX0009,MU0005,Stabilizer,1,Specific,Isometric,Negligible ankle stabilization.
417,EX0009,MU0006,Stabilizer,1,Specific,Isometric,Minimal ankle support.
418,EX0009,MU0003,Stabilizer,1,Group,Isometric,Negligible lateral ankle support.
419,EX0009,MU0004,Stabilizer,1,Group,Isometric,Negligible lateral ankle support.
420,EX0009,MU0002,Stabilizer,1,Specific,Isometric,Negligible shin stabilization.
421,EX0009,MU0001,Stabilizer,1,Specific,Isometric,Negligible arch support.
422,EX0009,MU0035,Stabilizer,1,Specific,Isometric,Negligible rotator cuff involvement.
423,EX0009,MU0033,Stabilizer,1,Specific,Isometric,Minimal rotator cuff support.
424,EX0009,MU0032,Stabilizer,1,Specific,Isometric,Negligible shoulder stabilization.
425,EX0009,MU0034,Stabilizer,1,Specific,Isometric,Minimal rotator cuff role.
426,EX0009,MU0036,Secondary,6,Specific,Isotonic,Assists shoulder flexion in crossover.
427,EX0009,MU0037,Stabilizer,3,Specific,Isometric,Minor shoulder support.
428,EX0009,MU0038,Stabilizer,1,Specific,Isometric,Negligible involvement.
429,EX0009,MU0048,Secondary,3,Specific,Isotonic,Minor elbow stabilization during crossover.
430,EX0009,MU0049,Secondary,3,Specific,Isotonic,Minimal elbow support.
431,EX0009,MU0050,Secondary,3,Specific,Isotonic,Minor elbow flexion stabilization.
432,EX0009,MU0045,Stabilizer,1,Specific,Isometric,Negligible elbow support.
433,EX0009,MU0046,Stabilizer,1,Specific,Isometric,Minimal shoulder stabilization.
434,EX0009,MU0047,Stabilizer,1,Specific,Isometric,Negligible involvement.
435,EX0009,MU0029,Stabilizer,2,Specific,Isometric,Minor upper back support.
436,EX0009,MU0030,Stabilizer,2,Specific,Isometric,Negligible scapular retraction.
437,EX0009,MU0026,Stabilizer,2,Group,Isometric,Minor upper back involvement.
438,EX0009,MU0027,Stabilizer,2,Group,Isometric,Minor upper back involvement.
439,EX0009,MU0028,Stabilizer,2,Group,Isometric,Minor upper back involvement.
440,EX0009,MU0017,Stabilizer,1,Specific,Isometric,Negligible hip stabilization in standing.
441,EX0009,MU0014,Stabilizer,1,Group,Isometric,Minimal hip support in standing position.
442,EX0009,MU0015,Stabilizer,1,Group,Isometric,Minimal hip support in standing position.
443,EX0009,MU0016,Stabilizer,1,Group,Isometric,Minimal hip support in standing position.
444,EX0009,MU0011,Stabilizer,1,Group,Isometric,Negligible leg involvement.
445,EX0009,MU0012,Stabilizer,1,Group,Isometric,Negligible leg involvement.
446,EX0009,MU0013,Stabilizer,1,Group,Isometric,Negligible leg involvement.
447,EX0009,MU0007,Stabilizer,1,Group,Isometric,Minimal knee stabilization in standing.
448,EX0009,MU0008,Stabilizer,1,Group,Isometric,Minimal knee stabilization in standing.
449,EX0009,MU0009,Stabilizer,1,Group,Isometric,Minimal knee stabilization in standing.
450,EX0009,MU0010,Stabilizer,1,Group,Isometric,Minimal knee stabilization in standing.
451,EX0010,MU0053,Stabilizer,1,Specific,Isometric,Negligible wrist stability.
452,EX0010,MU0024,Primary,9,Specific,Isotonic,Drives spinal extension; primary focus.
453,EX0010,MU0014,Primary,8,Group,Isotonic,Hip extension; strong but less than hamstrings.
454,EX0010,MU0015,Primary,8,Group,Isotonic,Hip extension; strong but less than hamstrings.
455,EX0010,MU0016,Primary,8,Group,Isotonic,Hip extension; strong but less than hamstrings.
456,EX0010,MU0011,Secondary,7,Group,Isotonic,Assists hip extension; strong role in hinge.
457,EX0010,MU0012,Secondary,7,Group,Isotonic,Assists hip extension; strong role in hinge.
458,EX0010,MU0013,Secondary,7,Group,Isotonic,Assists hip extension; strong role in hinge.
459,EX0010,MU0018,Stabilizer,6,Specific,Isometric,Resists spinal flexion; moderate bracing.
460,EX0010,MU0022,Stabilizer,6,Specific,Isometric,Intra-abdominal pressure for spinal support.
461,EX0010,MU0020,Stabilizer,5,Specific,Isometric,Assists in resisting rotation during extension.
462,EX0010,MU0021,Stabilizer,5,Specific,Isometric,Supports anti-rotation and stability.
463,EX0010,MU0025,Stabilizer,5,Specific,Isometric,Stabilizes pelvis during extension.
464,EX0010,MU0017,Secondary,3,Specific,Isometric,Minor hip stabilization during extension.
465,EX0010,MU0005,Secondary,2,Specific,Isometric,Minor ankle stabilization.
466,EX0010,MU0006,Secondary,2,Specific,Isometric,Assists ankle stability.
467,EX0010,MU0029,Stabilizer,2,Specific,Isometric,Minor upper back stabilization.
468,EX0010,MU0030,Stabilizer,2,Specific,Isometric,Negligible scapular support.
469,EX0010,MU0026,Stabilizer,2,Group,Isometric,Minimal upper back involvement.
470,EX0010,MU0027,Stabilizer,2,Group,Isometric,Minimal upper back involvement.
471,EX0010,MU0028,Stabilizer,2,Group,Isometric,Minimal upper back involvement.
472,EX0010,MU0007,Stabilizer,2,Group,Isometric,Stabilizes knees; minimal.
473,EX0010,MU0008,Stabilizer,2,Group,Isometric,Stabilizes knees; minimal.
474,EX0010,MU0009,Stabilizer,2,Group,Isometric,Stabilizes knees; minimal.
475,EX0010,MU0010,Stabilizer,2,Group,Isometric,Stabilizes knees; minimal.
476,EX0010,MU0039,Stabilizer,1,Group,Isometric,Negligible upper body involvement.
477,EX0010,MU0040,Stabilizer,1,Group,Isometric,Negligible upper body involvement.
478,EX0010,MU0041,Stabilizer,1,Group,Isometric,Negligible upper body involvement.
479,EX0010,MU0042,Stabilizer,1,Specific,Isometric,Negligible scapular support.
480,EX0010,MU0043,Stabilizer,1,Specific,Isometric,Minimal scapular stabilization.
481,EX0010,MU0044,Stabilizer,1,Specific,Isometric,Irrelevant; no clavicle demand.
482,EX0010,MU0056,Stabilizer,1,Specific,Isometric,Negligible arm stabilization.
483,EX0010,MU0052,Stabilizer,1,Specific,Isometric,Minimal grip demand.
484,EX0010,MU0003,Stabilizer,1,Group,Isometric,Negligible lateral ankle support.
485,EX0010,MU0004,Stabilizer,1,Group,Isometric,Negligible lateral ankle support.
486,EX0010,MU0002,Stabilizer,1,Specific,Isometric,Negligible shin stabilization.
487,EX0010,MU0001,Stabilizer,1,Specific,Isometric,Negligible arch support.
488,EX0010,MU0035,Stabilizer,1,Specific,Isometric,Negligible rotator cuff involvement.
489,EX0010,MU0033,Stabilizer,1,Specific,Isometric,Minimal rotator cuff support.
490,EX0010,MU0032,Stabilizer,1,Specific,Isometric,Negligible shoulder stabilization.
491,EX0010,MU0034,Stabilizer,1,Specific,Isometric,Minimal rotator cuff role.
492,EX0010,MU0036,Stabilizer,1,Specific,Isometric,Negligible shoulder support.
493,EX0010,MU0037,Stabilizer,1,Specific,Isometric,Minimal abduction stabilization.
494,EX0010,MU0038,Stabilizer,1,Specific,Isometric,Negligible shoulder involvement.
495,EX0010,MU0048,Stabilizer,1,Specific,Isometric,Minimal arm stabilization.
496,EX0010,MU0049,Stabilizer,1,Specific,Isometric,Negligible arm support.
497,EX0010,MU0050,Stabilizer,1,Specific,Isometric,Minimal elbow stabilization.
498,EX0010,MU0045,Stabilizer,1,Specific,Isometric,Negligible elbow support.
499,EX0010,MU0046,Stabilizer,1,Specific,Isometric,Minimal shoulder stabilization.
500,EX0010,MU0047,Stabilizer,1,Specific,Isometric,Negligible involvement.
501,EX0011,MU0053,Stabilizer,3,Specific,Isometric,Maintains wrist stability during extension.
502,EX0011,MU0039,Stabilizer,1,Group,Isometric,Negligible upper body involvement.
503,EX0011,MU0040,Stabilizer,1,Group,Isometric,Negligible upper body involvement.
504,EX0011,MU0041,Stabilizer,1,Group,Isometric,Negligible upper body involvement.
505,EX0011,MU0042,Stabilizer,1,Specific,Isometric,Negligible scapular support.
506,EX0011,MU0043,Stabilizer,1,Specific,Isometric,Minimal scapular stabilization.
507,EX0011,MU0044,Stabilizer,1,Specific,Isometric,Irrelevant; no clavicle demand.
508,EX0011,MU0020,Stabilizer,3,Specific,Isometric,Minor bracing for standing posture.
509,EX0011,MU0021,Stabilizer,3,Specific,Isometric,Minimal anti-rotation support.
510,EX0011,MU0018,Stabilizer,3,Specific,Isometric,Low demand for torso stability.
511,EX0011,MU0022,Stabilizer,4,Specific,Isometric,Minor intra-abdominal pressure.
512,EX0011,MU0056,Stabilizer,3,Specific,Isometric,Minor elbow stabilization.
513,EX0011,MU0052,Stabilizer,3,Specific,Isometric,Grips handle; moderate for tension.
514,EX0011,MU0024,Stabilizer,3,Specific,Isometric,Supports spine in standing position.
515,EX0011,MU0025,Stabilizer,3,Specific,Isometric,Minor pelvic stabilization for posture.
516,EX0011,MU0005,Stabilizer,1,Specific,Isometric,Negligible ankle stabilization.
517,EX0011,MU0006,Stabilizer,1,Specific,Isometric,Minimal ankle support.
518,EX0011,MU0003,Stabilizer,1,Group,Isometric,Negligible lateral ankle support.
519,EX0011,MU0004,Stabilizer,1,Group,Isometric,Negligible lateral ankle support.
520,EX0011,MU0002,Stabilizer,1,Specific,Isometric,Negligible shin stabilization.
521,EX0011,MU0001,Stabilizer,1,Specific,Isometric,Negligible arch support.
522,EX0011,MU0035,Stabilizer,1,Specific,Isometric,Negligible rotator cuff involvement.
523,EX0011,MU0033,Stabilizer,1,Specific,Isometric,Minimal rotator cuff support.
524,EX0011,MU0032,Stabilizer,1,Specific,Isometric,Negligible shoulder stabilization.
525,EX0011,MU0034,Stabilizer,1,Specific,Isometric,Minimal rotator cuff role.
526,EX0011,MU0036,Stabilizer,2,Specific,Isometric,Minor shoulder support in overhead position.
527,EX0011,MU0037,Stabilizer,2,Specific,Isometric,Minimal abduction stabilization.
528,EX0011,MU0038,Stabilizer,2,Specific,Isometric,Minor shoulder involvement.
529,EX0011,MU0048,Stabilizer,1,Specific,Isometric,Minimal elbow stabilization.
530,EX0011,MU0049,Stabilizer,1,Specific,Isometric,Negligible elbow support.
531,EX0011,MU0050,Stabilizer,1,Specific,Isometric,Minimal elbow stabilization.
532,EX0011,MU0045,Primary,8,Specific,Isotonic,Drives elbow extension; strong role in overhead.
533,EX0011,MU0046,Primary,9,Specific,Isotonic,Primary driver with overhead stretch; high activation.
534,EX0011,MU0047,Primary,7,Specific,Isotonic,Supports triceps in elbow extension; strong role.
535,EX0011,MU0029,Stabilizer,2,Specific,Isometric,Minor upper back support.
536,EX0011,MU0030,Stabilizer,2,Specific,Isometric,Negligible scapular retraction.
537,EX0011,MU0026,Stabilizer,2,Group,Isometric,Minor upper back involvement.
538,EX0011,MU0027,Stabilizer,2,Group,Isometric,Minor upper back involvement.
539,EX0011,MU0028,Stabilizer,2,Group,Isometric,Minor upper back involvement.
540,EX0011,MU0017,Stabilizer,1,Specific,Isometric,Negligible hip stabilization.
541,EX0011,MU0014,Stabilizer,1,Group,Isometric,Minimal hip support in standing position.
542,EX0011,MU0015,Stabilizer,1,Group,Isometric,Minimal hip support in standing position.
543,EX0011,MU0016,Stabilizer,1,Group,Isometric,Minimal hip support in standing position.
544,EX0011,MU0011,Stabilizer,1,Group,Isometric,Negligible leg involvement.
545,EX0011,MU0012,Stabilizer,1,Group,Isometric,Negligible leg involvement.
546,EX0011,MU0013,Stabilizer,1,Group,Isometric,Negligible leg involvement.
547,EX0011,MU0007,Stabilizer,1,Group,Isometric,Minimal knee stabilization.
548,EX0011,MU0008,Stabilizer,1,Group,Isometric,Minimal knee stabilization.
549,EX0011,MU0009,Stabilizer,1,Group,Isometric,Minimal knee stabilization.
550,EX0011,MU0010,Stabilizer,1,Group,Isometric,Minimal knee stabilization.
551,EX0012,MU0053,Stabilizer,2,Specific,Isometric,Maintains wrist stability during raise.
552,EX0012,MU0037,Primary,9,Specific,Isotonic,Drives shoulder abduction; primary focus.
553,EX0012,MU0032,Primary,5,Specific,Isotonic,Initiates abduction; strong role in lateral raise.
554,EX0012,MU0038,Secondary,4,Specific,Isotonic,Assists abduction from behind-body start.
555,EX0012,MU0026,Secondary,4,Group,Isometric,Supports scapular elevation/stability during raise.
556,EX0012,MU0027,Secondary,4,Group,Isometric,Supports scapular elevation/stability during raise.
557,EX0012,MU0028,Secondary,4,Group,Isometric,Supports scapular elevation/stability during raise.
558,EX0012,MU0022,Stabilizer,3,Specific,Isometric,Minor intra-abdominal pressure.
559,EX0012,MU0035,Stabilizer,3,Specific,Isometric,Assists rotator cuff stability during raise.
560,EX0012,MU0033,Stabilizer,3,Specific,Isometric,Supports rotator cuff in abduction.
561,EX0012,MU0034,Stabilizer,3,Specific,Isometric,Assists rotator cuff stabilization.
562,EX0012,MU0036,Stabilizer,3,Specific,Isometric,Minor shoulder support in lateral plane.
563,EX0012,MU0020,Stabilizer,2,Specific,Isometric,Minor bracing for standing posture.
564,EX0012,MU0021,Stabilizer,2,Specific,Isometric,Minimal anti-rotation support.
565,EX0012,MU0018,Stabilizer,2,Specific,Isometric,Low demand for torso stability.
566,EX0012,MU0056,Stabilizer,2,Specific,Isometric,Minor elbow stabilization for grip.
567,EX0012,MU0052,Stabilizer,2,Specific,Isometric,Grips handle; low for light tension.
568,EX0012,MU0024,Stabilizer,2,Specific,Isometric,Supports spine in standing position.
569,EX0012,MU0025,Stabilizer,2,Specific,Isometric,Minor pelvic stabilization for posture.
570,EX0012,MU0029,Stabilizer,2,Specific,Isometric,Minor upper back support.
571,EX0012,MU0030,Stabilizer,2,Specific,Isometric,Negligible scapular retraction.
572,EX0012,MU0039,Stabilizer,1,Group,Isometric,Negligible upper body involvement.
573,EX0012,MU0040,Stabilizer,1,Group,Isometric,Negligible upper body involvement.
574,EX0012,MU0041,Stabilizer,1,Group,Isometric,Negligible upper body involvement.
575,EX0012,MU0042,Stabilizer,1,Specific,Isometric,Negligible scapular support.
576,EX0012,MU0043,Stabilizer,1,Specific,Isometric,Minimal scapular stabilization.
577,EX0012,MU0044,Stabilizer,1,Specific,Isometric,Irrelevant; no clavicle demand.
578,EX0012,MU0005,Stabilizer,1,Specific,Isometric,Negligible ankle stabilization.
579,EX0012,MU0006,Stabilizer,1,Specific,Isometric,Minimal ankle support.
580,EX0012,MU0003,Stabilizer,1,Group,Isometric,Negligible lateral ankle support.
581,EX0012,MU0004,Stabilizer,1,Group,Isometric,Negligible lateral ankle support.
582,EX0012,MU0002,Stabilizer,1,Specific,Isometric,Negligible shin stabilization.
583,EX0012,MU0001,Stabilizer,1,Specific,Isometric,Negligible arch support.
584,EX0012,MU0048,Stabilizer,1,Specific,Isometric,Negligible elbow stabilization.
585,EX0012,MU0049,Stabilizer,1,Specific,Isometric,Minimal elbow support.
586,EX0012,MU0050,Stabilizer,1,Specific,Isometric,Minimal elbow stabilization.
587,EX0012,MU0045,Stabilizer,1,Specific,Isometric,Negligible elbow support.
588,EX0012,MU0046,Stabilizer,1,Specific,Isometric,Minimal shoulder stabilization.
589,EX0012,MU0047,Stabilizer,1,Specific,Isometric,Negligible involvement.
590,EX0012,MU0017,Stabilizer,1,Specific,Isometric,Negligible hip stabilization in standing.
591,EX0012,MU0014,Stabilizer,1,Group,Isometric,Minimal hip support in standing position.
592,EX0012,MU0015,Stabilizer,1,Group,Isometric,Minimal hip support in standing position.
593,EX0012,MU0016,Stabilizer,1,Group,Isometric,Minimal hip support in standing position.
594,EX0012,MU0011,Stabilizer,1,Group,Isometric,Negligible leg involvement.
595,EX0012,MU0012,Stabilizer,1,Group,Isometric,Negligible leg involvement.
596,EX0012,MU0013,Stabilizer,1,Group,Isometric,Negligible leg involvement.
597,EX0012,MU0007,Stabilizer,1,Group,Isometric,Minimal knee stabilization in standing.
598,EX0012,MU0008,Stabilizer,1,Group,Isometric,Minimal knee stabilization in standing.
599,EX0012,MU0009,Stabilizer,1,Group,Isometric,Minimal knee stabilization in standing.
600,EX0012,MU0010,Stabilizer,1,Group,Isometric,Minimal knee stabilization in standing.
601,EX0013,MU0053,Stabilizer,2,Specific,Isometric,Assists wrist stability for grip. (folds Extensor Digitorum; kept max of extensor-compartment scores)
602,EX0013,MU0039,Stabilizer,1,Group,Isometric,Minimal upper body stabilization.
603,EX0013,MU0040,Stabilizer,1,Group,Isometric,Minimal upper body stabilization.
604,EX0013,MU0041,Stabilizer,1,Group,Isometric,Minimal upper body stabilization.
605,EX0013,MU0042,Stabilizer,1,Specific,Isometric,Negligible scapular involvement.
606,EX0013,MU0043,Stabilizer,1,Specific,Isometric,Minimal scapular protraction.
607,EX0013,MU0044,Stabilizer,1,Specific,Isometric,Irrelevant; no clavicle demand.
608,EX0013,MU0020,Stabilizer,6,Specific,Isometric,Assists in core bracing to prevent lateral bending.
609,EX0013,MU0021,Stabilizer,6,Specific,Isometric,Supports core stability and anti-rotation.
610,EX0013,MU0018,Stabilizer,7,Specific,Isometric,Braces to resist flexion; upright posture demand.
611,EX0013,MU0022,Stabilizer,8,Specific,Isometric,Intra-abdominal pressure for spinal stability.
612,EX0013,MU0056,Stabilizer,2,Specific,Isometric,Minor grip support for bar.
613,EX0013,MU0052,Stabilizer,2,Specific,Isometric,Supports bar grip on upper back.
614,EX0013,MU0024,Stabilizer,9,Specific,Isometric,Prevents spinal rounding; critical under load.
615,EX0013,MU0025,Stabilizer,5,Specific,Isometric,Stabilizes pelvis against lateral tilt.
616,EX0013,MU0005,Secondary,2,Specific,Isotonic,Minor ankle plantarflexion during ascent.
617,EX0013,MU0006,Secondary,2,Specific,Isometric,Assists ankle stability.
618,EX0013,MU0003,Stabilizer,1,Group,Isometric,Minimal lateral ankle support.
619,EX0013,MU0004,Stabilizer,1,Group,Isometric,Minimal lateral ankle support.
620,EX0013,MU0002,Stabilizer,1,Specific,Isometric,Slight shin stabilization.
621,EX0013,MU0001,Stabilizer,1,Specific,Isometric,Negligible arch support.
622,EX0013,MU0035,Stabilizer,1,Specific,Isometric,Minimal rotator cuff stabilization for bar hold.
623,EX0013,MU0033,Stabilizer,1,Specific,Isometric,Negligible rotator cuff support.
624,EX0013,MU0032,Stabilizer,1,Specific,Isometric,Minimal shoulder stabilization.
625,EX0013,MU0034,Stabilizer,1,Specific,Isometric,Minimal rotator cuff involvement.
626,EX0013,MU0036,Stabilizer,1,Specific,Isometric,Negligible shoulder support.
627,EX0013,MU0037,Stabilizer,1,Specific,Isometric,Minimal abduction stabilization.
628,EX0013,MU0038,Stabilizer,1,Specific,Isometric,Negligible for bar placement.
629,EX0013,MU0048,Stabilizer,1,Specific,Isometric,Negligible elbow support.
630,EX0013,MU0049,Stabilizer,1,Specific,Isometric,Minimal involvement.
631,EX0013,MU0050,Stabilizer,1,Specific,Isometric,Negligible elbow flexion support.
632,EX0013,MU0045,Stabilizer,1,Specific,Isometric,Minimal elbow extension support.
633,EX0013,MU0046,Stabilizer,1,Specific,Isometric,Slight shoulder stabilization.
634,EX0013,MU0047,Stabilizer,1,Specific,Isometric,Minimal involvement.
635,EX0013,MU0029,Stabilizer,4,Specific,Isometric,Assists in stabilizing bar and posture.
636,EX0013,MU0030,Stabilizer,4,Specific,Isometric,Retracts scapulae for bar stability.
637,EX0013,MU0026,Stabilizer,5,Group,Isometric,Supports bar on upper back; upper traps engaged.
638,EX0013,MU0027,Stabilizer,5,Group,Isometric,Supports bar on upper back; upper traps engaged.
639,EX0013,MU0028,Stabilizer,5,Group,Isometric,Supports bar on upper back; upper traps engaged.
640,EX0013,MU0017,Secondary,5,Specific,Isotonic,Stabilizes hips and assists knee tracking.
641,EX0013,MU0014,Primary,8,Group,Isotonic,Drives hip extension during ascent.
642,EX0013,MU0015,Primary,8,Group,Isotonic,Drives hip extension during ascent.
643,EX0013,MU0016,Primary,8,Group,Isotonic,Drives hip extension during ascent.
644,EX0013,MU0011,Secondary,5,Group,Isotonic,Assists hip extension and stabilizes knees.
645,EX0013,MU0012,Secondary,5,Group,Isotonic,Assists hip extension and stabilizes knees.
646,EX0013,MU0013,Secondary,5,Group,Isotonic,Assists hip extension and stabilizes knees.
647,EX0013,MU0007,Primary,9,Group,Isotonic,Primary knee extensors; deep squat maximizes activation.
648,EX0013,MU0008,Primary,9,Group,Isotonic,Primary knee extensors; deep squat maximizes activation.
649,EX0013,MU0009,Primary,9,Group,Isotonic,Primary knee extensors; deep squat maximizes activation.
650,EX0013,MU0010,Primary,9,Group,Isotonic,Primary knee extensors; deep squat maximizes activation.
651,EX0014,MU0053,Stabilizer,3,Specific,Isometric,Maintains wrist stability during grip.
652,EX0014,MU0039,Stabilizer,1,Group,Isometric,Negligible upper body involvement.
653,EX0014,MU0040,Stabilizer,1,Group,Isometric,Negligible upper body involvement.
654,EX0014,MU0041,Stabilizer,1,Group,Isometric,Negligible upper body involvement.
655,EX0014,MU0042,Stabilizer,1,Specific,Isometric,Negligible scapular support.
656,EX0014,MU0043,Stabilizer,1,Specific,Isometric,Minimal scapular stabilization.
657,EX0014,MU0044,Stabilizer,1,Specific,Isometric,Irrelevant; no clavicle demand.
658,EX0014,MU0020,Stabilizer,7,Specific,Isometric,Resists rotation in unilateral stance; high balance demand.
659,EX0014,MU0021,Stabilizer,7,Specific,Isometric,Supports anti-rotation and stability in split stance.
660,EX0014,MU0018,Stabilizer,7,Specific,Isometric,Braces to maintain posture; high anti-flexion.
661,EX0014,MU0022,Stabilizer,8,Specific,Isometric,Intra-abdominal pressure for core stability.
662,EX0014,MU0056,Stabilizer,3,Specific,Isometric,Minor grip support for dumbbells.
663,EX0014,MU0052,Stabilizer,4,Specific,Isometric,Grips dumbbells; moderate for balance.
664,EX0014,MU0024,Stabilizer,7,Specific,Isometric,Prevents spinal rounding in split stance.
665,EX0014,MU0025,Stabilizer,6,Specific,Isometric,Stabilizes pelvis against lateral tilt in unilateral load.
666,EX0014,MU0005,Secondary,3,Specific,Isotonic,Assists ankle plantarflexion in front leg.
667,EX0014,MU0006,Secondary,3,Specific,Isometric,Supports ankle stability in front leg.
668,EX0014,MU0003,Stabilizer,2,Group,Isometric,Prevents ankle rolling in split stance.
669,EX0014,MU0004,Stabilizer,2,Group,Isometric,Prevents ankle rolling in split stance.
670,EX0014,MU0002,Stabilizer,2,Specific,Isometric,Slight shin stabilization in front leg.
671,EX0014,MU0001,Stabilizer,2,Specific,Isometric,Minor arch support.
672,EX0014,MU0035,Stabilizer,1,Specific,Isometric,Negligible rotator cuff involvement.
673,EX0014,MU0033,Stabilizer,1,Specific,Isometric,Minimal rotator cuff support.
674,EX0014,MU0032,Stabilizer,1,Specific,Isometric,Negligible shoulder stabilization.
675,EX0014,MU0034,Stabilizer,1,Specific,Isometric,Minimal rotator cuff role.
676,EX0014,MU0036,Stabilizer,1,Specific,Isometric,Negligible shoulder support.
677,EX0014,MU0037,Stabilizer,1,Specific,Isometric,Minimal abduction stabilization.
678,EX0014,MU0038,Stabilizer,1,Specific,Isometric,Negligible involvement.
679,EX0014,MU0048,Stabilizer,1,Specific,Isometric,Negligible elbow stabilization.
680,EX0014,MU0049,Stabilizer,1,Specific,Isometric,Minimal involvement.
681,EX0014,MU0050,Stabilizer,1,Specific,Isometric,Negligible elbow support.
682,EX0014,MU0045,Stabilizer,1,Specific,Isometric,Negligible elbow support.
683,EX0014,MU0046,Stabilizer,1,Specific,Isometric,Minimal shoulder stabilization.
684,EX0014,MU0047,Stabilizer,1,Specific,Isometric,Negligible involvement.
685,EX0014,MU0029,Stabilizer,2,Specific,Isometric,Minor upper back stabilization.
686,EX0014,MU0030,Stabilizer,2,Specific,Isometric,Negligible scapular support.
687,EX0014,MU0026,Stabilizer,2,Group,Isometric,Minor upper back involvement.
688,EX0014,MU0027,Stabilizer,2,Group,Isometric,Minor upper back involvement.
689,EX0014,MU0028,Stabilizer,2,Group,Isometric,Minor upper back involvement.
690,EX0014,MU0017,Secondary,5,Specific,Isotonic,Stabilizes hips in split stance; assists knee tracking.
691,EX0014,MU0014,Primary,8,Group,Isotonic,Drives hip extension in front leg.
692,EX0014,MU0015,Primary,8,Group,Isotonic,Drives hip extension in front leg.
693,EX0014,MU0016,Primary,8,Group,Isotonic,Drives hip extension in front leg.
694,EX0014,MU0011,Secondary,6,Group,Isotonic,Assists hip extension in front leg; balance demand.
695,EX0014,MU0012,Secondary,6,Group,Isotonic,Assists hip extension in front leg; balance demand.
696,EX0014,MU0013,Secondary,6,Group,Isotonic,Assists hip extension in front leg; balance demand.
697,EX0014,MU0007,Primary,9,Group,Isotonic,Primary knee extensors in front leg; deep squat maximizes.
698,EX0014,MU0008,Primary,9,Group,Isotonic,Primary knee extensors in front leg; deep squat maximizes.
699,EX0014,MU0009,Primary,9,Group,Isotonic,Primary knee extensors in front leg; deep squat maximizes.
700,EX0014,MU0010,Primary,9,Group,Isotonic,Primary knee extensors in front leg; deep squat maximizes.
701,EX0015,MU0053,Stabilizer,5,Specific,Isometric,Maintains wrist extension during grip.
702,EX0015,MU0039,Stabilizer,2,Group,Isometric,Minor upper body stabilization in hang.
703,EX0015,MU0040,Stabilizer,2,Group,Isometric,Minor upper body stabilization in hang.
704,EX0015,MU0041,Stabilizer,2,Group,Isometric,Minor upper body stabilization in hang.
705,EX0015,MU0042,Stabilizer,2,Specific,Isometric,Minimal scapular support.
706,EX0015,MU0043,Stabilizer,3,Specific,Isometric,Supports scapular protraction in hang.
707,EX0015,MU0044,Stabilizer,1,Specific,Isometric,Negligible clavicle stabilization.
708,EX0015,MU0020,Primary,8,Specific,Isotonic,Assists spinal flexion and rotation in knee raise.
709,EX0015,MU0021,Primary,8,Specific,Isotonic,Supports flexion and anti-rotation during raise.
710,EX0015,MU0018,Primary,9,Specific,Isotonic,Drives hip/spinal flexion to raise knees; Primary.
711,EX0015,MU0022,Primary,7,Specific,Isometric,Intra-abdominal pressure for core stability.
712,EX0015,MU0056,Stabilizer,4,Specific,Isometric,Supports grip and elbow stability in hang.
713,EX0015,MU0052,Stabilizer,6,Specific,Isometric,Primary grip strength for hanging.
714,EX0015,MU0024,Stabilizer,4,Specific,Isometric,Maintains spinal extension in hang.
715,EX0015,MU0025,Stabilizer,4,Specific,Isometric,Stabilizes pelvis during knee raise.
716,EX0015,MU0005,Stabilizer,1,Specific,Isometric,Negligible ankle stabilization.
717,EX0015,MU0006,Stabilizer,1,Specific,Isometric,Minimal ankle support.
718,EX0015,MU0003,Stabilizer,1,Group,Isometric,Negligible lateral ankle support.
719,EX0015,MU0004,Stabilizer,1,Group,Isometric,Negligible lateral ankle support.
720,EX0015,MU0002,Stabilizer,1,Specific,Isometric,Negligible shin stabilization.
721,EX0015,MU0001,Stabilizer,1,Specific,Isometric,Negligible arch support.
722,EX0015,MU0035,Stabilizer,2,Specific,Isometric,Minor rotator cuff stabilization in hang.
723,EX0015,MU0033,Stabilizer,2,Specific,Isometric,Minimal rotator cuff support.
724,EX0015,MU0032,Stabilizer,2,Specific,Isometric,Minor shoulder stabilization.
725,EX0015,MU0034,Stabilizer,2,Specific,Isometric,Minimal rotator cuff involvement.
726,EX0015,MU0036,Stabilizer,2,Specific,Isometric,Minor shoulder support in hang.
727,EX0015,MU0037,Stabilizer,2,Specific,Isometric,Minimal abduction stabilization.
728,EX0015,MU0038,Stabilizer,2,Specific,Isometric,Minor involvement in shoulder stability.
729,EX0015,MU0048,Stabilizer,3,Specific,Isometric,Minor elbow stabilization in hang.
730,EX0015,MU0049,Stabilizer,3,Specific,Isometric,Minimal elbow support.
731,EX0015,MU0050,Stabilizer,3,Specific,Isometric,Minimal elbow stabilization.
732,EX0015,MU0045,Stabilizer,1,Specific,Isometric,Negligible elbow support.
733,EX0015,MU0046,Stabilizer,1,Specific,Isometric,Minimal shoulder stabilization.
734,EX0015,MU0047,Stabilizer,1,Specific,Isometric,Negligible involvement.
735,EX0015,MU0029,Secondary,5,Specific,Isotonic,Assists shoulder extension in hang and raise.
736,EX0015,MU0030,Stabilizer,4,Specific,Isometric,Supports scapular retraction in hang.
737,EX0015,MU0026,Stabilizer,5,Group,Isometric,Supports upper back and scapular stability in hang.
738,EX0015,MU0027,Stabilizer,5,Group,Isometric,Supports upper back and scapular stability in hang.
739,EX0015,MU0028,Stabilizer,5,Group,Isometric,Supports upper back and scapular stability in hang.
740,EX0015,MU0017,Stabilizer,1,Specific,Isometric,Negligible hip stabilization.
741,EX0015,MU0014,Stabilizer,1,Group,Isometric,Minimal hip support in hanging position.
742,EX0015,MU0015,Stabilizer,1,Group,Isometric,Minimal hip support in hanging position.
743,EX0015,MU0016,Stabilizer,1,Group,Isometric,Minimal hip support in hanging position.
744,EX0015,MU0011,Stabilizer,1,Group,Isometric,Negligible leg involvement.
745,EX0015,MU0012,Stabilizer,1,Group,Isometric,Negligible leg involvement.
746,EX0015,MU0013,Stabilizer,1,Group,Isometric,Negligible leg involvement.
747,EX0015,MU0007,Stabilizer,1,Group,Isometric,Minimal knee stabilization in hang.
748,EX0015,MU0008,Stabilizer,1,Group,Isometric,Minimal knee stabilization in hang.
749,EX0015,MU0009,Stabilizer,1,Group,Isometric,Minimal knee stabilization in hang.
750,EX0015,MU0010,Stabilizer,1,Group,Isometric,Minimal knee stabilization in hang.
751,EX0016,MU0053,Stabilizer,3,Specific,Isometric,Maintains wrist stability for kettlebell.
752,EX0016,MU0007,Primary,9,Group,Isotonic,Primary knee extensors in working leg; deep lunge maximizes.
753,EX0016,MU0008,Primary,9,Group,Isotonic,Primary knee extensors in working leg; deep lunge maximizes.
754,EX0016,MU0009,Primary,9,Group,Isotonic,Primary knee extensors in working leg; deep lunge maximizes.
755,EX0016,MU0010,Primary,9,Group,Isotonic,Primary knee extensors in working leg; deep lunge maximizes.
756,EX0016,MU0022,Stabilizer,8,Specific,Isometric,Intra-abdominal pressure for core stability.
757,EX0016,MU0014,Primary,8,Group,Isotonic,Drives hip extension in working leg.
758,EX0016,MU0015,Primary,8,Group,Isotonic,Drives hip extension in working leg.
759,EX0016,MU0016,Primary,8,Group,Isotonic,Drives hip extension in working leg.
760,EX0016,MU0020,Stabilizer,7,Specific,Isometric,Resists rotation and lateral tilt; high due to kettlebell.
761,EX0016,MU0021,Stabilizer,7,Specific,Isometric,Supports anti-rotation in lateral movement.
762,EX0016,MU0018,Stabilizer,7,Specific,Isometric,Braces against kettlebell; high anti-flexion demand.
763,EX0016,MU0024,Stabilizer,7,Specific,Isometric,Prevents spinal rounding in lateral stance.
764,EX0016,MU0017,Primary,7,Specific,Isotonic,Drives hip adduction/stabilization in lateral lunge.
765,EX0016,MU0025,Stabilizer,6,Specific,Isometric,Stabilizes pelvis against lateral tilt in unilateral load.
766,EX0016,MU0011,Secondary,6,Group,Isotonic,Assists hip extension in working leg; balance demand.
767,EX0016,MU0012,Secondary,6,Group,Isotonic,Assists hip extension in working leg; balance demand.
768,EX0016,MU0013,Secondary,6,Group,Isotonic,Assists hip extension in working leg; balance demand.
769,EX0016,MU0052,Stabilizer,4,Specific,Isometric,Grips kettlebell; moderate due to chest hold.
770,EX0016,MU0029,Stabilizer,4,Specific,Isometric,Assists in stabilizing kettlebell and posture.
771,EX0016,MU0026,Stabilizer,4,Group,Isometric,Supports upper back and kettlebell at chest.
772,EX0016,MU0027,Stabilizer,4,Group,Isometric,Supports upper back and kettlebell at chest.
773,EX0016,MU0028,Stabilizer,4,Group,Isometric,Supports upper back and kettlebell at chest.
774,EX0016,MU0056,Stabilizer,3,Specific,Isometric,Minor grip support for kettlebell.
775,EX0016,MU0005,Secondary,3,Specific,Isotonic,Assists ankle plantarflexion in working leg.
776,EX0016,MU0006,Secondary,3,Specific,Isometric,Supports ankle stability in working leg.
777,EX0016,MU0048,Stabilizer,3,Specific,Isometric,Minor elbow stabilization for kettlebell.
778,EX0016,MU0049,Stabilizer,3,Specific,Isometric,Minimal elbow support for kettlebell.
779,EX0016,MU0050,Stabilizer,3,Specific,Isometric,Minor elbow stabilization.
780,EX0016,MU0030,Stabilizer,3,Specific,Isometric,Minor scapular retraction for kettlebell hold.
781,EX0016,MU0003,Stabilizer,2,Group,Isometric,Prevents ankle rolling in lateral stance.
782,EX0016,MU0004,Stabilizer,2,Group,Isometric,Prevents ankle rolling in lateral stance.
783,EX0016,MU0002,Stabilizer,2,Specific,Isometric,Slight shin stabilization in working leg.
784,EX0016,MU0001,Stabilizer,2,Specific,Isometric,Minor arch support in working leg.
785,EX0016,MU0036,Stabilizer,2,Specific,Isometric,Minor shoulder support for kettlebell hold.
786,EX0016,MU0037,Stabilizer,2,Specific,Isometric,Minimal abduction stabilization.
787,EX0016,MU0038,Stabilizer,2,Specific,Isometric,Negligible shoulder involvement.
788,EX0016,MU0039,Stabilizer,1,Group,Isometric,Negligible upper body involvement.
789,EX0016,MU0040,Stabilizer,1,Group,Isometric,Negligible upper body involvement.
790,EX0016,MU0041,Stabilizer,1,Group,Isometric,Negligible upper body involvement.
791,EX0016,MU0042,Stabilizer,1,Specific,Isometric,Negligible scapular support.
792,EX0016,MU0043,Stabilizer,1,Specific,Isometric,Minimal scapular stabilization.
793,EX0016,MU0044,Stabilizer,1,Specific,Isometric,Irrelevant; no clavicle demand.
794,EX0016,MU0035,Stabilizer,1,Specific,Isometric,Negligible rotator cuff involvement.
795,EX0016,MU0033,Stabilizer,1,Specific,Isometric,Minimal rotator cuff support.
796,EX0016,MU0032,Stabilizer,1,Specific,Isometric,Negligible shoulder stabilization.
797,EX0016,MU0034,Stabilizer,1,Specific,Isometric,Minimal rotator cuff role.
798,EX0016,MU0045,Stabilizer,1,Specific,Isometric,Negligible elbow support.
799,EX0016,MU0046,Stabilizer,1,Specific,Isometric,Minimal shoulder stabilization.
800,EX0016,MU0047,Stabilizer,1,Specific,Isometric,Negligible involvement.
801,EX0017,MU0053,Stabilizer,3,Specific,Isometric,Maintains wrist stability during grip.
802,EX0017,MU0039,Primary,9,Group,Isotonic,Drives shoulder adduction/flexion; primary chest mover.
803,EX0017,MU0040,Primary,9,Group,Isotonic,Drives shoulder adduction/flexion; primary chest mover.
804,EX0017,MU0041,Primary,9,Group,Isotonic,Drives shoulder adduction/flexion; primary chest mover.
805,EX0017,MU0042,Secondary,4,Specific,Isotonic,Assists scapular depression; moderate role.
806,EX0017,MU0043,Secondary,5,Specific,Isotonic,Supports scapular protraction during press.
807,EX0017,MU0044,Stabilizer,1,Specific,Isometric,Negligible clavicle stabilization.
808,EX0017,MU0020,Stabilizer,3,Specific,Isometric,Minor bracing for torso stability on bench.
809,EX0017,MU0021,Stabilizer,3,Specific,Isometric,Minimal anti-rotation support.
810,EX0017,MU0018,Stabilizer,3,Specific,Isometric,Low demand for torso stability.
811,EX0017,MU0022,Stabilizer,4,Specific,Isometric,Intra-abdominal pressure for bench stability.
812,EX0017,MU0056,Stabilizer,4,Specific,Isometric,Supports grip and elbow stability.
813,EX0017,MU0052,Stabilizer,5,Specific,Isometric,Primary grip strength for barbell.
814,EX0017,MU0024,Stabilizer,3,Specific,Isometric,Supports spine on bench; low demand.
815,EX0017,MU0025,Stabilizer,2,Specific,Isometric,Minimal pelvic stabilization on bench.
816,EX0017,MU0005,Stabilizer,1,Specific,Isometric,Negligible ankle stabilization.
817,EX0017,MU0006,Stabilizer,1,Specific,Isometric,Minimal ankle support.
818,EX0017,MU0003,Stabilizer,1,Group,Isometric,Negligible lateral ankle support.
819,EX0017,MU0004,Stabilizer,1,Group,Isometric,Negligible lateral ankle support.
820,EX0017,MU0002,Stabilizer,1,Specific,Isometric,Negligible shin stabilization.
821,EX0017,MU0001,Stabilizer,1,Specific,Isometric,Negligible arch support.
822,EX0017,MU0035,Stabilizer,2,Specific,Isometric,Minor rotator cuff stabilization.
823,EX0017,MU0033,Stabilizer,2,Specific,Isometric,Minimal rotator cuff support.
824,EX0017,MU0032,Stabilizer,2,Specific,Isometric,Minor shoulder stabilization.
825,EX0017,MU0034,Stabilizer,2,Specific,Isometric,Minimal rotator cuff involvement.
826,EX0017,MU0036,Primary,7,Specific,Isotonic,Assists shoulder flexion; strong role in press.
827,EX0017,MU0037,Secondary,4,Specific,Isotonic,Supports shoulder abduction/stability.
828,EX0017,MU0038,Stabilizer,2,Specific,Isometric,Minimal shoulder support.
829,EX0017,MU0048,Stabilizer,1,Specific,Isometric,Negligible elbow stabilization.
830,EX0017,MU0049,Stabilizer,1,Specific,Isometric,Minimal involvement.
831,EX0017,MU0050,Stabilizer,1,Specific,Isometric,Negligible elbow support.
832,EX0017,MU0045,Primary,8,Specific,Isotonic,Drives elbow extension; primary role in press.
833,EX0017,MU0046,Primary,7,Specific,Isotonic,Assists elbow extension and shoulder stability.
834,EX0017,MU0047,Primary,7,Specific,Isotonic,Supports triceps in elbow extension.
835,EX0017,MU0029,Stabilizer,3,Specific,Isometric,Minor upper back stabilization.
836,EX0017,MU0030,Stabilizer,3,Specific,Isometric,Supports scapular retraction on bench.
837,EX0017,MU0026,Stabilizer,4,Group,Isometric,Supports scapular stability and bench posture.
838,EX0017,MU0027,Stabilizer,4,Group,Isometric,Supports scapular stability and bench posture.
839,EX0017,MU0028,Stabilizer,4,Group,Isometric,Supports scapular stability and bench posture.
840,EX0017,MU0017,Stabilizer,1,Specific,Isometric,Negligible hip stabilization on bench.
841,EX0017,MU0014,Stabilizer,1,Group,Isometric,Minimal hip support on bench.
842,EX0017,MU0015,Stabilizer,1,Group,Isometric,Minimal hip support on bench.
843,EX0017,MU0016,Stabilizer,1,Group,Isometric,Minimal hip support on bench.
844,EX0017,MU0011,Stabilizer,1,Group,Isometric,Negligible leg involvement.
845,EX0017,MU0012,Stabilizer,1,Group,Isometric,Negligible leg involvement.
846,EX0017,MU0013,Stabilizer,1,Group,Isometric,Negligible leg involvement.
847,EX0017,MU0007,Stabilizer,1,Group,Isometric,Minimal knee stabilization on bench.
848,EX0017,MU0008,Stabilizer,1,Group,Isometric,Minimal knee stabilization on bench.
849,EX0017,MU0009,Stabilizer,1,Group,Isometric,Minimal knee stabilization on bench.
850,EX0017,MU0010,Stabilizer,1,Group,Isometric,Minimal knee stabilization on bench.
851,EX0018,MU0053,Stabilizer,5,Specific,Isometric,Maintains wrist stability during grip.
852,EX0018,MU0039,Stabilizer,1,Group,Isometric,Minimal upper body stabilization.
853,EX0018,MU0040,Stabilizer,1,Group,Isometric,Minimal upper body stabilization.
854,EX0018,MU0041,Stabilizer,1,Group,Isometric,Minimal upper body stabilization.
855,EX0018,MU0042,Stabilizer,1,Specific,Isometric,Negligible scapular involvement.
856,EX0018,MU0043,Stabilizer,2,Specific,Isometric,Minor scapular protraction support.
857,EX0018,MU0044,Stabilizer,1,Specific,Isometric,Irrelevant; no clavicle demand.
858,EX0018,MU0020,Stabilizer,7,Specific,Isometric,Braces against rotation/extension in hinge.
859,EX0018,MU0021,Stabilizer,7,Specific,Isometric,Supports anti-rotation in bent-over posture.
860,EX0018,MU0018,Stabilizer,7,Specific,Isometric,Resists spinal flexion; high bracing demand.
861,EX0018,MU0022,Stabilizer,7,Specific,Isometric,Intra-abdominal pressure for spinal stability.
862,EX0018,MU0056,Secondary,6,Specific,Isotonic,Assists elbow flexion during pull.
863,EX0018,MU0052,Stabilizer,6,Specific,Isometric,Primary grip strength for barbell.
864,EX0018,MU0024,Stabilizer,8,Specific,Isometric,Prevents spinal rounding in hinge; high demand.
865,EX0018,MU0025,Stabilizer,5,Specific,Isometric,Stabilizes pelvis against lateral tilt.
866,EX0018,MU0005,Stabilizer,2,Specific,Isometric,Minor ankle stabilization in hinge.
867,EX0018,MU0006,Stabilizer,2,Specific,Isometric,Assists ankle stability.
868,EX0018,MU0003,Stabilizer,1,Group,Isometric,Negligible lateral ankle support.
869,EX0018,MU0004,Stabilizer,1,Group,Isometric,Negligible lateral ankle support.
870,EX0018,MU0002,Stabilizer,1,Specific,Isometric,Negligible shin stabilization.
871,EX0018,MU0001,Stabilizer,1,Specific,Isometric,Negligible arch support.
872,EX0018,MU0035,Stabilizer,2,Specific,Isometric,Minor rotator cuff stabilization.
873,EX0018,MU0033,Stabilizer,2,Specific,Isometric,Minimal rotator cuff support.
874,EX0018,MU0032,Stabilizer,2,Specific,Isometric,Minor shoulder stabilization.
875,EX0018,MU0034,Stabilizer,2,Specific,Isometric,Minimal rotator cuff involvement.
876,EX0018,MU0036,Stabilizer,2,Specific,Isometric,Minor shoulder support during pull.
877,EX0018,MU0037,Stabilizer,2,Specific,Isometric,Minimal abduction stabilization.
878,EX0018,MU0038,Secondary,5,Specific,Isotonic,Assists shoulder extension in pull.
879,EX0018,MU0048,Secondary,7,Specific,Isotonic,Drives elbow flexion during row.
880,EX0018,MU0049,Secondary,6,Specific,Isotonic,Assists elbow flexion; strong role.
881,EX0018,MU0050,Secondary,6,Specific,Isotonic,Supports biceps in elbow flexion.
882,EX0018,MU0045,Stabilizer,1,Specific,Isometric,Negligible elbow stabilization.
883,EX0018,MU0046,Stabilizer,1,Specific,Isometric,Minimal shoulder support.
884,EX0018,MU0047,Stabilizer,1,Specific,Isometric,Negligible involvement.
885,EX0018,MU0029,Primary,9,Specific,Isotonic,Drives shoulder extension/adduction; primary pull.
886,EX0018,MU0030,Primary,8,Specific,Isotonic,Retracts scapulae; nearly co-primary with lats.
887,EX0018,MU0026,Primary,8,Group,Isotonic,Supports scapular retraction/elevation; high demand.
888,EX0018,MU0027,Primary,8,Group,Isotonic,Supports scapular retraction/elevation; high demand.
889,EX0018,MU0028,Primary,8,Group,Isotonic,Supports scapular retraction/elevation; high demand.
890,EX0018,MU0017,Stabilizer,5,Specific,Isometric,Stabilizes hips in hinge position.
891,EX0018,MU0014,Stabilizer,6,Group,Isometric,Maintains hip extension in hinge.
892,EX0018,MU0015,Stabilizer,6,Group,Isometric,Maintains hip extension in hinge.
893,EX0018,MU0016,Stabilizer,6,Group,Isometric,Maintains hip extension in hinge.
894,EX0018,MU0011,Stabilizer,6,Group,Isometric,Supports hip hinge stability.
895,EX0018,MU0012,Stabilizer,6,Group,Isometric,Supports hip hinge stability.
896,EX0018,MU0013,Stabilizer,6,Group,Isometric,Supports hip hinge stability.
897,EX0018,MU0007,Stabilizer,2,Group,Isometric,Stabilizes knees in bent-over posture.
898,EX0018,MU0008,Stabilizer,2,Group,Isometric,Stabilizes knees in bent-over posture.
899,EX0018,MU0009,Stabilizer,2,Group,Isometric,Stabilizes knees in bent-over posture.
900,EX0018,MU0010,Stabilizer,2,Group,Isometric,Stabilizes knees in bent-over posture.
901,EX0019,MU0053,Stabilizer,4,Specific,Isometric,Maintains wrist stability during grip.
902,EX0019,MU0039,Primary,9,Group,Isotonic,Drives shoulder adduction/flexion; primary with forward lean.
903,EX0019,MU0040,Primary,9,Group,Isotonic,Drives shoulder adduction/flexion; primary with forward lean.
904,EX0019,MU0041,Primary,9,Group,Isotonic,Drives shoulder adduction/flexion; primary with forward lean.
905,EX0019,MU0042,Secondary,4,Specific,Isotonic,Assists scapular depression; moderate role.
906,EX0019,MU0043,Secondary,5,Specific,Isotonic,Supports scapular protraction during dip.
907,EX0019,MU0044,Stabilizer,1,Specific,Isometric,Negligible clavicle stabilization.
908,EX0019,MU0020,Stabilizer,5,Specific,Isometric,Resists rotation in forward-lean position.
909,EX0019,MU0021,Stabilizer,5,Specific,Isometric,Supports anti-rotation during dip.
910,EX0019,MU0018,Stabilizer,5,Specific,Isometric,Braces to maintain torso position; moderate demand.
911,EX0019,MU0022,Stabilizer,6,Specific,Isometric,Intra-abdominal pressure for stability.
912,EX0019,MU0056,Stabilizer,4,Specific,Isometric,Supports grip and elbow stability on bars.
913,EX0019,MU0052,Stabilizer,5,Specific,Isometric,Primary grip strength for bars.
914,EX0019,MU0024,Stabilizer,3,Specific,Isometric,Minor spinal support in dip position.
915,EX0019,MU0025,Stabilizer,3,Specific,Isometric,Minimal pelvic stabilization during dip.
916,EX0019,MU0005,Stabilizer,1,Specific,Isometric,Negligible ankle stabilization.
917,EX0019,MU0006,Stabilizer,1,Specific,Isometric,Minimal ankle support.
918,EX0019,MU0003,Stabilizer,1,Group,Isometric,Negligible lateral ankle support.
919,EX0019,MU0004,Stabilizer,1,Group,Isometric,Negligible lateral ankle support.
920,EX0019,MU0002,Stabilizer,1,Specific,Isometric,Negligible shin stabilization.
921,EX0019,MU0001,Stabilizer,1,Specific,Isometric,Negligible arch support.
922,EX0019,MU0035,Stabilizer,2,Specific,Isometric,Minor rotator cuff stabilization.
923,EX0019,MU0033,Stabilizer,2,Specific,Isometric,Minimal rotator cuff support.
924,EX0019,MU0032,Stabilizer,2,Specific,Isometric,Minor shoulder stabilization.
925,EX0019,MU0034,Stabilizer,2,Specific,Isometric,Minimal rotator cuff involvement.
926,EX0019,MU0036,Primary,7,Specific,Isotonic,Assists shoulder flexion; strong role with lean.
927,EX0019,MU0037,Secondary,4,Specific,Isotonic,Supports shoulder abduction/stability.
928,EX0019,MU0038,Stabilizer,2,Specific,Isometric,Minimal shoulder support.
929,EX0019,MU0048,Stabilizer,1,Specific,Isometric,Negligible elbow stabilization.
930,EX0019,MU0049,Stabilizer,1,Specific,Isometric,Minimal involvement.
931,EX0019,MU0050,Stabilizer,1,Specific,Isometric,Negligible elbow support.
932,EX0019,MU0045,Primary,8,Specific,Isotonic,Drives elbow extension; strong role in dip.
933,EX0019,MU0046,Primary,7,Specific,Isotonic,Assists elbow extension and shoulder stability.
934,EX0019,MU0047,Primary,7,Specific,Isotonic,Supports triceps in elbow extension.
935,EX0019,MU0029,Stabilizer,4,Specific,Isometric,Assists shoulder stabilization in dip.
936,EX0019,MU0030,Stabilizer,4,Specific,Isometric,Supports scapular retraction during dip.
937,EX0019,MU0026,Stabilizer,5,Group,Isometric,Supports scapular stability and posture.
938,EX0019,MU0027,Stabilizer,5,Group,Isometric,Supports scapular stability and posture.
939,EX0019,MU0028,Stabilizer,5,Group,Isometric,Supports scapular stability and posture.
940,EX0019,MU0017,Stabilizer,1,Specific,Isometric,Negligible hip stabilization.
941,EX0019,MU0014,Stabilizer,1,Group,Isometric,Minimal hip support in dip position.
942,EX0019,MU0015,Stabilizer,1,Group,Isometric,Minimal hip support in dip position.
943,EX0019,MU0016,Stabilizer,1,Group,Isometric,Minimal hip support in dip position.
944,EX0019,MU0011,Stabilizer,1,Group,Isometric,Negligible leg involvement.
945,EX0019,MU0012,Stabilizer,1,Group,Isometric,Negligible leg involvement.
946,EX0019,MU0013,Stabilizer,1,Group,Isometric,Negligible leg involvement.
947,EX0019,MU0007,Stabilizer,1,Group,Isometric,Minimal knee stabilization.
948,EX0019,MU0008,Stabilizer,1,Group,Isometric,Minimal knee stabilization.
949,EX0019,MU0009,Stabilizer,1,Group,Isometric,Minimal knee stabilization.
950,EX0019,MU0010,Stabilizer,1,Group,Isometric,Minimal knee stabilization.
951,EX0020,MU0053,Stabilizer,3,Specific,Isometric,Maintains wrist stability during grip.
952,EX0020,MU0039,Primary,9,Group,Isotonic,Drives shoulder adduction/flexion; high upper chest focus on incline.
953,EX0020,MU0040,Primary,9,Group,Isotonic,Drives shoulder adduction/flexion; high upper chest focus on incline.
954,EX0020,MU0041,Primary,9,Group,Isotonic,Drives shoulder adduction/flexion; high upper chest focus on incline.
955,EX0020,MU0036,Primary,8,Specific,Isotonic,Assists shoulder flexion; strong role on incline.
956,EX0020,MU0045,Primary,8,Specific,Isotonic,Drives elbow extension; primary role in press.
957,EX0020,MU0046,Primary,7,Specific,Isotonic,Assists elbow extension and shoulder stability.
958,EX0020,MU0047,Primary,7,Specific,Isotonic,Supports triceps in elbow extension.
959,EX0020,MU0043,Secondary,5,Specific,Isotonic,Supports scapular protraction during press.
960,EX0020,MU0052,Stabilizer,5,Specific,Isometric,Primary grip strength for dumbbells; moderate unilateral demand.
961,EX0020,MU0042,Secondary,4,Specific,Isotonic,Assists scapular depression; moderate role.
962,EX0020,MU0022,Stabilizer,4,Specific,Isometric,Intra-abdominal pressure for bench stability.
963,EX0020,MU0056,Stabilizer,4,Specific,Isometric,Supports grip and elbow stability with dumbbells.
964,EX0020,MU0037,Secondary,4,Specific,Isotonic,Supports shoulder abduction/stability.
965,EX0020,MU0026,Stabilizer,4,Group,Isometric,Supports scapular stability and bench posture.
966,EX0020,MU0027,Stabilizer,4,Group,Isometric,Supports scapular stability and bench posture.
967,EX0020,MU0028,Stabilizer,4,Group,Isometric,Supports scapular stability and bench posture.
968,EX0020,MU0020,Stabilizer,3,Specific,Isometric,Minor bracing for torso stability on bench.
969,EX0020,MU0021,Stabilizer,3,Specific,Isometric,Minimal anti-rotation support.
970,EX0020,MU0018,Stabilizer,3,Specific,Isometric,Low demand for torso stability.
971,EX0020,MU0024,Stabilizer,3,Specific,Isometric,Supports spine on bench; low demand.
972,EX0020,MU0029,Stabilizer,3,Specific,Isometric,Minor upper back stabilization.
973,EX0020,MU0030,Stabilizer,3,Specific,Isometric,Supports scapular retraction on bench.
974,EX0020,MU0025,Stabilizer,2,Specific,Isometric,Minimal pelvic stabilization on bench.
975,EX0020,MU0035,Stabilizer,2,Specific,Isometric,Minor rotator cuff stabilization.
976,EX0020,MU0033,Stabilizer,2,Specific,Isometric,Minimal rotator cuff support.
977,EX0020,MU0032,Stabilizer,2,Specific,Isometric,Minor shoulder stabilization during press.
978,EX0020,MU0034,Stabilizer,2,Specific,Isometric,Minimal rotator cuff involvement.
979,EX0020,MU0038,Stabilizer,2,Specific,Isometric,Minimal shoulder support.
980,EX0020,MU0044,Stabilizer,1,Specific,Isometric,Negligible clavicle stabilization.
981,EX0020,MU0005,Stabilizer,1,Specific,Isometric,Negligible ankle stabilization.
982,EX0020,MU0006,Stabilizer,1,Specific,Isometric,Minimal ankle support.
983,EX0020,MU0003,Stabilizer,1,Group,Isometric,Negligible lateral ankle support.
984,EX0020,MU0004,Stabilizer,1,Group,Isometric,Negligible lateral ankle support.
985,EX0020,MU0002,Stabilizer,1,Specific,Isometric,Negligible shin stabilization.
986,EX0020,MU0001,Stabilizer,1,Specific,Isometric,Negligible arch support.
987,EX0020,MU0048,Stabilizer,1,Specific,Isometric,Negligible elbow stabilization.
988,EX0020,MU0049,Stabilizer,1,Specific,Isometric,Minimal involvement.
989,EX0020,MU0050,Stabilizer,1,Specific,Isometric,Negligible elbow support.
990,EX0020,MU0017,Stabilizer,1,Specific,Isometric,Negligible hip stabilization on bench.
991,EX0020,MU0014,Stabilizer,1,Group,Isometric,Minimal hip support on bench.
992,EX0020,MU0015,Stabilizer,1,Group,Isometric,Minimal hip support on bench.
993,EX0020,MU0016,Stabilizer,1,Group,Isometric,Minimal hip support on bench.
994,EX0020,MU0011,Stabilizer,1,Group,Isometric,Negligible leg involvement.
995,EX0020,MU0012,Stabilizer,1,Group,Isometric,Negligible leg involvement.
996,EX0020,MU0013,Stabilizer,1,Group,Isometric,Negligible leg involvement.
997,EX0020,MU0007,Stabilizer,1,Group,Isometric,Minimal knee stabilization on bench.
998,EX0020,MU0008,Stabilizer,1,Group,Isometric,Minimal knee stabilization on bench.
999,EX0020,MU0009,Stabilizer,1,Group,Isometric,Minimal knee stabilization on bench.
1000,EX0020,MU0010,Stabilizer,1,Group,Isometric,Minimal knee stabilization on bench.
1001,EX0021,MU0053,Stabilizer,1,Specific,Isometric,Minimal wrist stability.
1002,EX0021,MU0006,Primary,9,Specific,Isotonic,Main driver of plantarflexion; bent knees maximize soleus.
1003,EX0021,MU0005,Primary,4,Specific,Isotonic,Assists plantarflexion; less active with bent knees.
1004,EX0021,MU0011,Stabilizer,4,Group,Isometric,Stabilizes hips with bent knees; moderate role.
1005,EX0021,MU0012,Stabilizer,4,Group,Isometric,Stabilizes hips with bent knees; moderate role.
1006,EX0021,MU0013,Stabilizer,4,Group,Isometric,Stabilizes hips with bent knees; moderate role.
1007,EX0021,MU0007,Stabilizer,4,Group,Isometric,Maintains knee bend; moderate demand.
1008,EX0021,MU0008,Stabilizer,4,Group,Isometric,Maintains knee bend; moderate demand.
1009,EX0021,MU0009,Stabilizer,4,Group,Isometric,Maintains knee bend; moderate demand.
1010,EX0021,MU0010,Stabilizer,4,Group,Isometric,Maintains knee bend; moderate demand.
1011,EX0021,MU0020,Stabilizer,3,Specific,Isometric,Minor bracing for standing balance with bent knees.
1012,EX0021,MU0021,Stabilizer,3,Specific,Isometric,Minimal anti-rotation support.
1013,EX0021,MU0018,Stabilizer,3,Specific,Isometric,Low demand for torso stability.
1014,EX0021,MU0022,Stabilizer,3,Specific,Isometric,Minor intra-abdominal pressure for posture.
1015,EX0021,MU0024,Stabilizer,3,Specific,Isometric,Supports spine in standing position with bent knees.
1016,EX0021,MU0025,Stabilizer,3,Specific,Isometric,Minor pelvic stabilization for balance.
1017,EX0021,MU0003,Secondary,3,Group,Isometric,Prevents ankle rolling; moderate due to bent knees.
1018,EX0021,MU0004,Secondary,3,Group,Isometric,Prevents ankle rolling; moderate due to bent knees.
1019,EX0021,MU0001,Secondary,3,Specific,Isotonic,Assists ankle stability; slight inversion role.
1020,EX0021,MU0002,Stabilizer,2,Specific,Isometric,Slight shin stabilization.
1021,EX0021,MU0017,Stabilizer,2,Specific,Isometric,Minor hip stabilization with bent knees.
1022,EX0021,MU0014,Stabilizer,2,Group,Isometric,Minimal hip support in standing position.
1023,EX0021,MU0015,Stabilizer,2,Group,Isometric,Minimal hip support in standing position.
1024,EX0021,MU0016,Stabilizer,2,Group,Isometric,Minimal hip support in standing position.
1025,EX0021,MU0039,Stabilizer,1,Group,Isometric,Negligible upper body involvement.
1026,EX0021,MU0040,Stabilizer,1,Group,Isometric,Negligible upper body involvement.
1027,EX0021,MU0041,Stabilizer,1,Group,Isometric,Negligible upper body involvement.
1028,EX0021,MU0042,Stabilizer,1,Specific,Isometric,Negligible scapular support.
1029,EX0021,MU0043,Stabilizer,1,Specific,Isometric,Minimal scapular stabilization.
1030,EX0021,MU0044,Stabilizer,1,Specific,Isometric,Irrelevant; no clavicle demand.
1031,EX0021,MU0056,Stabilizer,1,Specific,Isometric,Negligible arm stabilization.
1032,EX0021,MU0052,Stabilizer,1,Specific,Isometric,Negligible grip demand.
1033,EX0021,MU0035,Stabilizer,1,Specific,Isometric,Negligible rotator cuff involvement.
1034,EX0021,MU0033,Stabilizer,1,Specific,Isometric,Minimal rotator cuff support.
1035,EX0021,MU0032,Stabilizer,1,Specific,Isometric,Negligible shoulder stabilization.
1036,EX0021,MU0034,Stabilizer,1,Specific,Isometric,Minimal rotator cuff role.
1037,EX0021,MU0036,Stabilizer,1,Specific,Isometric,Negligible shoulder support.
1038,EX0021,MU0037,Stabilizer,1,Specific,Isometric,Minimal abduction stabilization.
1039,EX0021,MU0038,Stabilizer,1,Specific,Isometric,Negligible shoulder involvement.
1040,EX0021,MU0048,Stabilizer,1,Specific,Isometric,Minimal arm stabilization.
1041,EX0021,MU0049,Stabilizer,1,Specific,Isometric,Negligible arm support.
1042,EX0021,MU0050,Stabilizer,1,Specific,Isometric,Minimal elbow stabilization.
1043,EX0021,MU0045,Stabilizer,1,Specific,Isometric,Negligible elbow support.
1044,EX0021,MU0046,Stabilizer,1,Specific,Isometric,Minimal shoulder stabilization.
1045,EX0021,MU0047,Stabilizer,1,Specific,Isometric,Negligible involvement.
1046,EX0021,MU0029,Stabilizer,1,Specific,Isometric,Minimal upper back stabilization.
1047,EX0021,MU0030,Stabilizer,1,Specific,Isometric,Negligible scapular support.
1048,EX0021,MU0026,Stabilizer,1,Group,Isometric,Minimal upper back involvement.
1049,EX0021,MU0027,Stabilizer,1,Group,Isometric,Minimal upper back involvement.
1050,EX0021,MU0028,Stabilizer,1,Group,Isometric,Minimal upper back involvement.
1051,EX0022,MU0053,Stabilizer,3,Specific,Isometric,Maintains wrist stability during pushdown.
1052,EX0022,MU0039,Stabilizer,1,Group,Isometric,Negligible upper body involvement.
1053,EX0022,MU0040,Stabilizer,1,Group,Isometric,Negligible upper body involvement.
1054,EX0022,MU0041,Stabilizer,1,Group,Isometric,Negligible upper body involvement.
1055,EX0022,MU0042,Stabilizer,1,Specific,Isometric,Negligible scapular support.
1056,EX0022,MU0043,Stabilizer,1,Specific,Isometric,Minimal scapular stabilization.
1057,EX0022,MU0044,Stabilizer,1,Specific,Isometric,Irrelevant; no clavicle demand.
1058,EX0022,MU0020,Stabilizer,3,Specific,Isometric,Minor bracing for standing posture.
1059,EX0022,MU0021,Stabilizer,3,Specific,Isometric,Minimal anti-rotation support.
1060,EX0022,MU0018,Stabilizer,3,Specific,Isometric,Low demand for torso stability.
1061,EX0022,MU0022,Stabilizer,4,Specific,Isometric,Minor intra-abdominal pressure for posture.
1062,EX0022,MU0056,Stabilizer,3,Specific,Isometric,Minor elbow stabilization for grip.
1063,EX0022,MU0052,Stabilizer,4,Specific,Isometric,Grips handle; moderate for cable tension.
1064,EX0022,MU0024,Stabilizer,3,Specific,Isometric,Supports spine in standing position.
1065,EX0022,MU0025,Stabilizer,3,Specific,Isometric,Minor pelvic stabilization for posture.
1066,EX0022,MU0005,Stabilizer,1,Specific,Isometric,Negligible ankle stabilization.
1067,EX0022,MU0006,Stabilizer,1,Specific,Isometric,Minimal ankle support.
1068,EX0022,MU0003,Stabilizer,1,Group,Isometric,Negligible lateral ankle support.
1069,EX0022,MU0004,Stabilizer,1,Group,Isometric,Negligible lateral ankle support.
1070,EX0022,MU0002,Stabilizer,1,Specific,Isometric,Negligible shin stabilization.
1071,EX0022,MU0001,Stabilizer,1,Specific,Isometric,Negligible arch support.
1072,EX0022,MU0035,Stabilizer,1,Specific,Isometric,Negligible rotator cuff involvement.
1073,EX0022,MU0033,Stabilizer,1,Specific,Isometric,Minimal rotator cuff support.
1074,EX0022,MU0032,Stabilizer,1,Specific,Isometric,Negligible shoulder stabilization.
1075,EX0022,MU0034,Stabilizer,1,Specific,Isometric,Minimal rotator cuff role.
1076,EX0022,MU0036,Stabilizer,2,Specific,Isometric,Minor shoulder support during pushdown.
1077,EX0022,MU0037,Stabilizer,1,Specific,Isometric,Minimal abduction stabilization.
1078,EX0022,MU0038,Stabilizer,1,Specific,Isometric,Negligible shoulder involvement.
1079,EX0022,MU0048,Stabilizer,1,Specific,Isometric,Negligible elbow stabilization.
1080,EX0022,MU0049,Stabilizer,1,Specific,Isometric,Minimal elbow support.
1081,EX0022,MU0050,Stabilizer,1,Specific,Isometric,Minimal elbow stabilization.
1082,EX0022,MU0045,Primary,8,Specific,Isotonic,Drives elbow extension; strong role in pushdown.
1083,EX0022,MU0046,Primary,9,Specific,Isotonic,Primary driver of elbow extension; high activation.
1084,EX0022,MU0047,Primary,7,Specific,Isotonic,Supports triceps in elbow extension; strong role.
1085,EX0022,MU0029,Stabilizer,2,Specific,Isometric,Minor upper back support.
1086,EX0022,MU0030,Stabilizer,2,Specific,Isometric,Negligible scapular retraction.
1087,EX0022,MU0026,Stabilizer,2,Group,Isometric,Minor upper back involvement.
1088,EX0022,MU0027,Stabilizer,2,Group,Isometric,Minor upper back involvement.
1089,EX0022,MU0028,Stabilizer,2,Group,Isometric,Minor upper back involvement.
1090,EX0022,MU0017,Stabilizer,1,Specific,Isometric,Negligible hip stabilization in standing.
1091,EX0022,MU0014,Stabilizer,1,Group,Isometric,Minimal hip support in standing position.
1092,EX0022,MU0015,Stabilizer,1,Group,Isometric,Minimal hip support in standing position.
1093,EX0022,MU0016,Stabilizer,1,Group,Isometric,Minimal hip support in standing position.
1094,EX0022,MU0011,Stabilizer,1,Group,Isometric,Negligible leg involvement.
1095,EX0022,MU0012,Stabilizer,1,Group,Isometric,Negligible leg involvement.
1096,EX0022,MU0013,Stabilizer,1,Group,Isometric,Negligible leg involvement.
1097,EX0022,MU0007,Stabilizer,1,Group,Isometric,Minimal knee stabilization in standing.
1098,EX0022,MU0008,Stabilizer,1,Group,Isometric,Minimal knee stabilization in standing.
1099,EX0022,MU0009,Stabilizer,1,Group,Isometric,Minimal knee stabilization in standing.
1100,EX0022,MU0010,Stabilizer,1,Group,Isometric,Minimal knee stabilization in standing.
1101,EX0023,MU0053,Stabilizer,4,Specific,Isometric,Maintains wrist stability during curl.
1102,EX0023,MU0048,Primary,9,Specific,Isotonic,Primary driver of elbow flexion; maximal activation.
1103,EX0023,MU0049,Primary,8,Specific,Isotonic,Strong elbow flexion support.
1104,EX0023,MU0050,Primary,8,Specific,Isotonic,Drives elbow flexion; high due to isolation.
1105,EX0023,MU0056,Primary,6,Specific,Isotonic,Assists elbow flexion; strong in curl.
1106,EX0023,MU0052,Stabilizer,5,Specific,Isometric,Primary grip strength for dumbbell.
1107,EX0023,MU0022,Stabilizer,3,Specific,Isometric,Minor intra-abdominal pressure for posture.
1108,EX0023,MU0020,Stabilizer,2,Specific,Isometric,Minor bracing for standing posture.
1109,EX0023,MU0021,Stabilizer,2,Specific,Isometric,Minimal anti-rotation support.
1110,EX0023,MU0018,Stabilizer,2,Specific,Isometric,Low demand for torso stability.
1111,EX0023,MU0024,Stabilizer,2,Specific,Isometric,Minor spinal support in standing position.
1112,EX0023,MU0025,Stabilizer,2,Specific,Isometric,Minimal pelvic stabilization in standing posture.
1113,EX0023,MU0036,Stabilizer,2,Specific,Isometric,Minor shoulder support during curl.
1114,EX0023,MU0037,Stabilizer,2,Specific,Isometric,Minimal abduction stabilization.
1115,EX0023,MU0029,Stabilizer,2,Specific,Isometric,Minor upper back stabilization.
1116,EX0023,MU0030,Stabilizer,2,Specific,Isometric,Negligible scapular support.
1117,EX0023,MU0026,Stabilizer,2,Group,Isometric,Minimal upper back involvement.
1118,EX0023,MU0027,Stabilizer,2,Group,Isometric,Minimal upper back involvement.
1119,EX0023,MU0028,Stabilizer,2,Group,Isometric,Minimal upper back involvement.
1120,EX0023,MU0039,Stabilizer,1,Group,Isometric,Negligible upper body involvement.
1121,EX0023,MU0040,Stabilizer,1,Group,Isometric,Negligible upper body involvement.
1122,EX0023,MU0041,Stabilizer,1,Group,Isometric,Negligible upper body involvement.
1123,EX0023,MU0042,Stabilizer,1,Specific,Isometric,Negligible scapular support.
1124,EX0023,MU0043,Stabilizer,1,Specific,Isometric,Minimal scapular stabilization.
1125,EX0023,MU0044,Stabilizer,1,Specific,Isometric,Irrelevant; no clavicle demand.
1126,EX0023,MU0005,Stabilizer,1,Specific,Isometric,Negligible ankle stabilization.
1127,EX0023,MU0006,Stabilizer,1,Specific,Isometric,Minimal ankle support.
1128,EX0023,MU0003,Stabilizer,1,Group,Isometric,Negligible lateral ankle support.
1129,EX0023,MU0004,Stabilizer,1,Group,Isometric,Negligible lateral ankle support.
1130,EX0023,MU0002,Stabilizer,1,Specific,Isometric,Negligible shin stabilization.
1131,EX0023,MU0001,Stabilizer,1,Specific,Isometric,Negligible arch support.
1132,EX0023,MU0035,Stabilizer,1,Specific,Isometric,Negligible rotator cuff involvement.
1133,EX0023,MU0033,Stabilizer,1,Specific,Isometric,Minimal rotator cuff support.
1134,EX0023,MU0032,Stabilizer,1,Specific,Isometric,Negligible shoulder stabilization.
1135,EX0023,MU0034,Stabilizer,1,Specific,Isometric,Minimal rotator cuff role.
1136,EX0023,MU0038,Stabilizer,1,Specific,Isometric,Negligible shoulder involvement.
1137,EX0023,MU0045,Stabilizer,1,Specific,Isometric,Negligible elbow stabilization.
1138,EX0023,MU0046,Stabilizer,1,Specific,Isometric,Minimal shoulder stabilization.
1139,EX0023,MU0047,Stabilizer,1,Specific,Isometric,Negligible involvement.
1140,EX0023,MU0017,Stabilizer,1,Specific,Isometric,Negligible hip stabilization in standing.
1141,EX0023,MU0014,Stabilizer,1,Group,Isometric,Minimal hip support in standing position.
1142,EX0023,MU0015,Stabilizer,1,Group,Isometric,Minimal hip support in standing position.
1143,EX0023,MU0016,Stabilizer,1,Group,Isometric,Minimal hip support in standing position.
1144,EX0023,MU0011,Stabilizer,1,Group,Isometric,Negligible leg involvement.
1145,EX0023,MU0012,Stabilizer,1,Group,Isometric,Negligible leg involvement.
1146,EX0023,MU0013,Stabilizer,1,Group,Isometric,Negligible leg involvement.
1147,EX0023,MU0007,Stabilizer,1,Group,Isometric,Minimal knee stabilization in standing.
1148,EX0023,MU0008,Stabilizer,1,Group,Isometric,Minimal knee stabilization in standing.
1149,EX0023,MU0009,Stabilizer,1,Group,Isometric,Minimal knee stabilization in standing.
1150,EX0023,MU0010,Stabilizer,1,Group,Isometric,Minimal knee stabilization in standing.
1151,EX0024,MU0053,Stabilizer,3,Specific,Isometric,Maintains wrist stability during grip.
1152,EX0024,MU0018,Primary,9,Specific,Isotonic,Drives hip/spinal flexion to tuck knees; Primary.
1153,EX0024,MU0020,Primary,8,Specific,Isotonic,Assists spinal flexion and rotation in tuck.
1154,EX0024,MU0021,Primary,8,Specific,Isotonic,Supports flexion and anti-rotation during tuck.
1155,EX0024,MU0022,Primary,7,Specific,Isometric,Intra-abdominal pressure for core stability.
1156,EX0024,MU0052,Stabilizer,4,Specific,Isometric,Primary grip strength for bench hold.
1157,EX0024,MU0056,Stabilizer,3,Specific,Isometric,Supports grip on bench for stability.
1158,EX0024,MU0024,Stabilizer,3,Specific,Isometric,Supports seated posture; low demand.
1159,EX0024,MU0007,Secondary,3,Group,Isotonic,Minor knee extension during leg return.
1160,EX0024,MU0008,Secondary,3,Group,Isotonic,Minor knee extension during leg return.
1161,EX0024,MU0009,Secondary,3,Group,Isotonic,Minor knee extension during leg return.
1162,EX0024,MU0010,Secondary,3,Group,Isotonic,Minor knee extension during leg return.
1163,EX0024,MU0025,Stabilizer,2,Specific,Isometric,Minimal pelvic stabilization in seated position.
1164,EX0024,MU0029,Stabilizer,2,Specific,Isometric,Minor upper back stabilization.
1165,EX0024,MU0030,Stabilizer,2,Specific,Isometric,Negligible scapular support.
1166,EX0024,MU0026,Stabilizer,2,Group,Isometric,Minimal upper back involvement.
1167,EX0024,MU0027,Stabilizer,2,Group,Isometric,Minimal upper back involvement.
1168,EX0024,MU0028,Stabilizer,2,Group,Isometric,Minimal upper back involvement.
1169,EX0024,MU0039,Stabilizer,1,Group,Isometric,Negligible upper body involvement.
1170,EX0024,MU0040,Stabilizer,1,Group,Isometric,Negligible upper body involvement.
1171,EX0024,MU0041,Stabilizer,1,Group,Isometric,Negligible upper body involvement.
1172,EX0024,MU0042,Stabilizer,1,Specific,Isometric,Negligible scapular support.
1173,EX0024,MU0043,Stabilizer,1,Specific,Isometric,Minimal scapular stabilization.
1174,EX0024,MU0044,Stabilizer,1,Specific,Isometric,Irrelevant; no clavicle demand.
1175,EX0024,MU0005,Stabilizer,1,Specific,Isometric,Negligible ankle stabilization.
1176,EX0024,MU0006,Stabilizer,1,Specific,Isometric,Minimal ankle support.
1177,EX0024,MU0003,Stabilizer,1,Group,Isometric,Negligible lateral ankle support.
1178,EX0024,MU0004,Stabilizer,1,Group,Isometric,Negligible lateral ankle support.
1179,EX0024,MU0002,Stabilizer,1,Specific,Isometric,Negligible shin stabilization.
1180,EX0024,MU0001,Stabilizer,1,Specific,Isometric,Negligible arch support.
1181,EX0024,MU0035,Stabilizer,1,Specific,Isometric,Negligible rotator cuff involvement.
1182,EX0024,MU0033,Stabilizer,1,Specific,Isometric,Minimal rotator cuff support.
1183,EX0024,MU0032,Stabilizer,1,Specific,Isometric,Negligible shoulder stabilization.
1184,EX0024,MU0034,Stabilizer,1,Specific,Isometric,Minimal rotator cuff role.
1185,EX0024,MU0036,Stabilizer,1,Specific,Isometric,Negligible shoulder support.
1186,EX0024,MU0037,Stabilizer,1,Specific,Isometric,Minimal abduction stabilization.
1187,EX0024,MU0038,Stabilizer,1,Specific,Isometric,Negligible shoulder involvement.
1188,EX0024,MU0048,Stabilizer,1,Specific,Isometric,Minimal elbow stabilization.
1189,EX0024,MU0049,Stabilizer,1,Specific,Isometric,Negligible elbow support.
1190,EX0024,MU0050,Stabilizer,1,Specific,Isometric,Minimal elbow stabilization.
1191,EX0024,MU0045,Stabilizer,1,Specific,Isometric,Negligible elbow support.
1192,EX0024,MU0046,Stabilizer,1,Specific,Isometric,Minimal shoulder stabilization.
1193,EX0024,MU0047,Stabilizer,1,Specific,Isometric,Negligible involvement.
1194,EX0024,MU0017,Stabilizer,1,Specific,Isometric,Negligible hip stabilization in seated position.
1195,EX0024,MU0014,Stabilizer,1,Group,Isometric,Minimal hip support in seated position.
1196,EX0024,MU0015,Stabilizer,1,Group,Isometric,Minimal hip support in seated position.
1197,EX0024,MU0016,Stabilizer,1,Group,Isometric,Minimal hip support in seated position.
1198,EX0024,MU0011,Stabilizer,1,Group,Isometric,Negligible leg involvement.
1199,EX0024,MU0012,Stabilizer,1,Group,Isometric,Negligible leg involvement.
1200,EX0024,MU0013,Stabilizer,1,Group,Isometric,Negligible leg involvement.
1201,EX0025,MU0053,Stabilizer,4,Specific,Isometric,Maintains wrist stability during curl.
1202,EX0025,MU0039,Stabilizer,1,Group,Isometric,Negligible upper body involvement.
1203,EX0025,MU0040,Stabilizer,1,Group,Isometric,Negligible upper body involvement.
1204,EX0025,MU0041,Stabilizer,1,Group,Isometric,Negligible upper body involvement.
1205,EX0025,MU0042,Stabilizer,1,Specific,Isometric,Negligible scapular support.
1206,EX0025,MU0043,Stabilizer,1,Specific,Isometric,Minimal scapular stabilization.
1207,EX0025,MU0044,Stabilizer,1,Specific,Isometric,Irrelevant; no clavicle demand.
1208,EX0025,MU0020,Stabilizer,2,Specific,Isometric,Minor bracing for standing posture.
1209,EX0025,MU0021,Stabilizer,2,Specific,Isometric,Minimal anti-rotation support.
1210,EX0025,MU0018,Stabilizer,2,Specific,Isometric,Low demand for torso stability.
1211,EX0025,MU0022,Stabilizer,3,Specific,Isometric,Minor intra-abdominal pressure for posture.
1212,EX0025,MU0056,Primary,7,Specific,Isotonic,Strong elbow flexion in neutral grip; high cross-body demand.
1213,EX0025,MU0052,Stabilizer,5,Specific,Isometric,Primary grip strength for dumbbell; cross-body increases demand.
1214,EX0025,MU0024,Stabilizer,2,Specific,Isometric,Minor spinal support in standing position.
1215,EX0025,MU0025,Stabilizer,2,Specific,Isometric,Minimal pelvic stabilization in standing posture.
1216,EX0025,MU0005,Stabilizer,1,Specific,Isometric,Negligible ankle stabilization.
1217,EX0025,MU0006,Stabilizer,1,Specific,Isometric,Minimal ankle support.
1218,EX0025,MU0003,Stabilizer,1,Group,Isometric,Negligible lateral ankle support.
1219,EX0025,MU0004,Stabilizer,1,Group,Isometric,Negligible lateral ankle support.
1220,EX0025,MU0002,Stabilizer,1,Specific,Isometric,Negligible shin stabilization.
1221,EX0025,MU0001,Stabilizer,1,Specific,Isometric,Negligible arch support.
1222,EX0025,MU0035,Stabilizer,1,Specific,Isometric,Negligible rotator cuff involvement.
1223,EX0025,MU0033,Stabilizer,1,Specific,Isometric,Minimal rotator cuff support.
1224,EX0025,MU0032,Stabilizer,1,Specific,Isometric,Negligible shoulder stabilization.
1225,EX0025,MU0034,Stabilizer,1,Specific,Isometric,Minimal rotator cuff role.
1226,EX0025,MU0036,Stabilizer,2,Specific,Isometric,Minor shoulder support during curl.
1227,EX0025,MU0037,Stabilizer,2,Specific,Isometric,Minimal abduction stabilization.
1228,EX0025,MU0038,Stabilizer,1,Specific,Isometric,Negligible shoulder involvement.
1229,EX0025,MU0048,Primary,9,Specific,Isotonic,Primary driver of elbow flexion; high cross-body activation.
1230,EX0025,MU0049,Primary,8,Specific,Isotonic,Strong elbow flexion support in neutral grip.
1231,EX0025,MU0050,Primary,8,Specific,Isotonic,Drives elbow flexion; high due to hammer grip.
1232,EX0025,MU0045,Stabilizer,1,Specific,Isometric,Negligible elbow stabilization.
1233,EX0025,MU0046,Stabilizer,1,Specific,Isometric,Minimal shoulder stabilization.
1234,EX0025,MU0047,Stabilizer,1,Specific,Isometric,Negligible involvement.
1235,EX0025,MU0029,Stabilizer,2,Specific,Isometric,Minor upper back stabilization.
1236,EX0025,MU0030,Stabilizer,2,Specific,Isometric,Negligible scapular support.
1237,EX0025,MU0026,Stabilizer,2,Group,Isometric,Minimal upper back involvement.
1238,EX0025,MU0027,Stabilizer,2,Group,Isometric,Minimal upper back involvement.
1239,EX0025,MU0028,Stabilizer,2,Group,Isometric,Minimal upper back involvement.
1240,EX0025,MU0017,Stabilizer,1,Specific,Isometric,Negligible hip stabilization in standing.
1241,EX0025,MU0014,Stabilizer,1,Group,Isometric,Minimal hip support in standing position.
1242,EX0025,MU0015,Stabilizer,1,Group,Isometric,Minimal hip support in standing position.
1243,EX0025,MU0016,Stabilizer,1,Group,Isometric,Minimal hip support in standing position.
1244,EX0025,MU0011,Stabilizer,1,Group,Isometric,Negligible leg involvement.
1245,EX0025,MU0012,Stabilizer,1,Group,Isometric,Negligible leg involvement.
1246,EX0025,MU0013,Stabilizer,1,Group,Isometric,Negligible leg involvement.
1247,EX0025,MU0007,Stabilizer,1,Group,Isometric,Minimal knee stabilization in standing.
1248,EX0025,MU0008,Stabilizer,1,Group,Isometric,Minimal knee stabilization in standing.
1249,EX0025,MU0009,Stabilizer,1,Group,Isometric,Minimal knee stabilization in standing.
1250,EX0025,MU0010,Stabilizer,1,Group,Isometric,Minimal knee stabilization in standing.
